"","AML1_DX","AML1_REM","AML2_DX","AML2_REM","AML2_REL","AML3_DX","AML3_REM","AML4_DX","AML4_REL","AML5_DX","AML5_REM","AML5_REL","AML6_DX","AML6_REL","AML7_DX","AML7_REM","AML7_REL","AML8_DX","AML8_REM","AML8_REL","AML10_DX","AML10_REM","AML10_REL","AML11_DX","AML11_REM","AML11_REL","AML12_DX","AML12_REL","AML13_DX","AML13_REL","AML14_DX","AML14_REM","AML15_DX","AML15_REM","AML15_REL","AML16_DX","AML16_REM","AML16_REL","AML17_DX","AML17_REL","AML18_DX","AML18_REL","AML19_DX","AML19_REL","AML20_DX","AML20_REM","AML21_DX","AML21_REM","AML21_REL","AML22_DX","AML22_REM","AML22_REL","AML24_DX","AML24_REM","AML24_REL","AML25_DX","AML25_REM","AML25_REL","AML26_DX","AML26_REM","AML26_REL","AML27_DX","AML27_REM","AML27_REL"
"AML1_DX",0.594594594594595,0.5,0.228571428571429,0.204081632653061,0.176470588235294,0.103896103896104,0.130434782608696,0.166666666666667,0.140845070422535,0.25,0.272727272727273,0.304347826086957,0.135135135135135,0.159420289855072,0.214285714285714,0.176470588235294,0.1875,0.291666666666667,0.212121212121212,0.156862745098039,0.185185185185185,0.142857142857143,0.169811320754717,0.211538461538462,0.166666666666667,0.192307692307692,0.130434782608696,0.107692307692308,0.121951219512195,0.209677419354839,0.139240506329114,0,0.142857142857143,0.0666666666666667,0.111111111111111,0.152542372881356,0.384615384615385,0.138461538461538,0.135593220338983,0.116666666666667,0.114285714285714,0.0909090909090909,0.119402985074627,0.0921052631578947,0.220338983050847,0.8,0.12,0.166666666666667,0.171052631578947,0.11864406779661,0.2,0.126984126984127,0.157142857142857,0.145454545454545,0.166666666666667,0.148148148148148,0.333333333333333,0.2,0.131578947368421,0.5,0.151515151515152,0.214285714285714,0.166666666666667,0.2
"AML1_REM",0.714285714285714,0.666666666666667,0,0.0714285714285714,0,0.133333333333333,0,0.0625,0,0.153846153846154,0,0,0,0,0,0,0,0.2,0,0,0.0555555555555556,0,0.0588235294117647,0.153846153846154,0.0909090909090909,0.0714285714285714,0.0714285714285714,0.0769230769230769,0,0,0.0454545454545455,0,0,0,0,0,0,0,0.0714285714285714,0.0625,0.05,0,0.0555555555555556,0.0416666666666667,0.0666666666666667,0,0,0,0.0714285714285714,0,0,0,0.05,0,0,0,0,0,0.0666666666666667,0,0,0,0,0
"AML2_DX",0.210526315789474,0.210526315789474,0.916666666666667,1,0.764705882352941,0.125,0.181818181818182,0.263157894736842,0.157894736842105,0.3125,0.285714285714286,0.285714285714286,0.208333333333333,0.12,0,0,0,0.153846153846154,0.2,0.0588235294117647,0.291666666666667,0,0.294117647058824,0.3125,0.285714285714286,0.25,0.222222222222222,0.222222222222222,0.0714285714285714,0.115384615384615,0.259259259259259,0,0.227272727272727,0,0.176470588235294,0.0909090909090909,0,0.181818181818182,0.260869565217391,0.277777777777778,0.2,0,0.24,0.25,0.304347826086957,1,0.5,0.25,0.444444444444444,0.238095238095238,0.333333333333333,0.3,0.291666666666667,0.235294117647059,0.176470588235294,0.4,0,0,0.24,0,0.1,0,0,0
"AML2_REM",0.22,0.260869565217391,0.625,0.68421052631579,0.727272727272727,0.132530120481928,0.18,0.186440677966102,0.181818181818182,0.226415094339623,0.347826086956522,0.28,0.132530120481928,0.12987012987013,0.214285714285714,0.277777777777778,0.31578947368421,0.230769230769231,0.2,0.217391304347826,0.205882352941176,0.117647058823529,0.19672131147541,0.283018867924528,0.24,0.240740740740741,0.1875,0.15625,0.222222222222222,0.185714285714286,0.2,0,0.16,0.0952380952380952,0.131578947368421,0.161764705882353,0.157894736842105,0.169014084507042,0.191176470588235,0.194029850746269,0.194805194805195,0.153846153846154,0.223684210526316,0.157894736842105,0.241935483870968,0.428571428571429,0.19047619047619,0.142857142857143,0.257142857142857,0.239130434782609,0.125,0.203703703703704,0.257575757575758,0.240740740740741,0.222222222222222,0.241379310344828,0.25,0.0769230769230769,0.185714285714286,0.25,0.192307692307692,0.153846153846154,0.2,0.25
"AML2_REL",0.156862745098039,0.173913043478261,0.708333333333333,0.758620689655172,0.666666666666667,0.140625,0.151515151515152,0.203389830508475,0.2,0.212765957446809,0.277777777777778,0.238095238095238,0.116666666666667,0.0882352941176471,0.2,0.166666666666667,0.214285714285714,0.137931034482759,0.133333333333333,0.133333333333333,0.186440677966102,0.0833333333333333,0.192982456140351,0.268292682926829,0.230769230769231,0.18,0.1875,0.175438596491228,0.131578947368421,0.142857142857143,0.205479452054795,0,0.17910447761194,0,0.158730158730159,0.166666666666667,0.2,0.210526315789474,0.171875,0.181818181818182,0.2,0,0.169491525423729,0.134328358208955,0.245614035087719,0.666666666666667,0.25,0.181818181818182,0.283333333333333,0.192307692307692,0.142857142857143,0.186440677966102,0.209677419354839,0.163265306122449,0.153846153846154,0.195652173913043,0,0,0.208955223880597,0,0.25,0.153846153846154,0.117647058823529,0.2
"AML3_DX",0.134615384615385,0.173913043478261,0.153846153846154,0.205128205128205,0.156862745098039,0.711538461538462,0.75,0.181818181818182,0.120689655172414,0.170212765957447,0.142857142857143,0.16,0.15625,0.116666666666667,0.222222222222222,0.153846153846154,0.272727272727273,0.208333333333333,0.222222222222222,0.155555555555556,0.140625,0.0833333333333333,0.107142857142857,0.191489361702128,0.12,0.148936170212766,0.166666666666667,0.129032258064516,0.131578947368421,0.163934426229508,0.152777777777778,0,0.121212121212121,0,0.107692307692308,0.0923076923076923,0.117647058823529,0.112676056338028,0.0810810810810811,0.0923076923076923,0.105882352941176,0.0909090909090909,0.103896103896104,0.0853658536585366,0.230769230769231,0.5,0.157894736842105,0.142857142857143,0.169014084507042,0.16,0.333333333333333,0.156862745098039,0.145161290322581,0.133333333333333,0.147058823529412,0.0754716981132075,0,0,0.142857142857143,0,0.185185185185185,0.153846153846154,0.111111111111111,0.2
"AML3_REM",0.216216216216216,0.266666666666667,0.178571428571429,0.225,0.189189189189189,0.697674418604651,0.666666666666667,0.192982456140351,0.135593220338983,0.217391304347826,0.227272727272727,0.217391304347826,0.154929577464789,0.131147540983607,0.333333333333333,0.333333333333333,0.384615384615385,0.230769230769231,0.2,0.155555555555556,0.196078431372549,0.2,0.130434782608696,0.212765957446809,0.148148148148148,0.208333333333333,0.166666666666667,0.135593220338983,0.133333333333333,0.135135135135135,0.161290322580645,0,0.15,0.0909090909090909,0.129032258064516,0.105263157894737,0.230769230769231,0.145161290322581,0.101449275362319,0.138461538461538,0.121621621621622,0.0833333333333333,0.125,0.111111111111111,0.210526315789474,0.6,0.19047619047619,0.1875,0.135802469135802,0.16,0.333333333333333,0.150943396226415,0.158730158730159,0.156862745098039,0.153846153846154,0.0943396226415094,0,0.1,0.128571428571429,0.25,0.142857142857143,0.375,0.307692307692308,0.25
"AML4_DX",0.146341463414634,0.125,0.172413793103448,0.146341463414634,0.174418604651163,0.08,0.101449275362319,0.707317073170732,0.662790697674419,0.159090909090909,0.157894736842105,0.133333333333333,0.1015625,0.10377358490566,0.153846153846154,0.142857142857143,0.148148148148148,0.173076923076923,0.148148148148148,0.144736842105263,0.121739130434783,0.130434782608696,0.123809523809524,0.112244897959184,0.111111111111111,0.156626506024096,0.0808080808080808,0.0956521739130435,0.123456790123457,0.153225806451613,0.125,0,0.12396694214876,0.0277777777777778,0.110169491525424,0.120967741935484,0.129032258064516,0.152173913043478,0.113821138211382,0.133928571428571,0.11038961038961,0.0833333333333333,0.119047619047619,0.0875912408759124,0.172727272727273,0.25,0.0869565217391304,0.0869565217391304,0.142857142857143,0.13,0.0555555555555556,0.125,0.137931034482759,0.114942528735632,0.142857142857143,0.145833333333333,0.142857142857143,0.0909090909090909,0.125,0.25,0.2,0.125,0.0833333333333333,0.0833333333333333
"AML4_REL",0.119565217391304,0.114942528735632,0.169230769230769,0.144578313253012,0.131868131868132,0.0703125,0.0675675675675676,0.753086419753086,0.674418604651163,0.174418604651163,0.153846153846154,0.173913043478261,0.102564102564103,0.107843137254902,0.2,0.161290322580645,0.166666666666667,0.196428571428571,0.140350877192982,0.139240506329114,0.137614678899083,0.148148148148148,0.117647058823529,0.119565217391304,0.10989010989011,0.160493827160494,0.0833333333333333,0.073394495412844,0.123287671232877,0.100840336134454,0.105263157894737,0,0.120689655172414,0.0645161290322581,0.121495327102804,0.118811881188119,0.142857142857143,0.136,0.11304347826087,0.131313131313131,0.119402985074627,0.115384615384615,0.142857142857143,0.103174603174603,0.141414141414141,0.230769230769231,0.0980392156862745,0.107142857142857,0.134920634920635,0.133333333333333,0.176470588235294,0.111111111111111,0.155172413793103,0.117021276595745,0.130952380952381,0.126436781609195,0.3,0.166666666666667,0.124031007751938,0.333333333333333,0.169811320754717,0.12,0.0833333333333333,0.0666666666666667
"AML5_DX",0.375,0.375,0.166666666666667,0.230769230769231,0.0666666666666667,0.285714285714286,0.2,0.1875,0.0555555555555556,0.857142857142857,0.75,0.75,0.111111111111111,0.111111111111111,0,0,0,0.142857142857143,0.1,0,0.285714285714286,0,0.25,0.272727272727273,0.2,0.272727272727273,0.181818181818182,0.166666666666667,0,0,0.2,0,0.125,0,0.125,0.0714285714285714,0,0.166666666666667,0.176470588235294,0.214285714285714,0.166666666666667,0,0.2,0.125,0.1,1,0.25,0.333333333333333,0.363636363636364,0.25,0.5,0.181818181818182,0.2,0.153846153846154,0.2,0.2,0,0,0.210526315789474,0,0,0,0,0
"AML5_REM",0.333333333333333,0.291666666666667,0.366666666666667,0.319148936170213,0.25,0.189873417721519,0.186046511627907,0.203389830508475,0.17910447761194,0.827586206896552,1,1,0.205479452054795,0.196969696969697,0.416666666666667,0.444444444444444,0.466666666666667,0.285714285714286,0.303030303030303,0.204081632653061,0.258620689655172,0.363636363636364,0.230769230769231,0.222222222222222,0.222222222222222,0.28,0.244897959183673,0.186440677966102,0.25,0.215384615384615,0.12987012987013,0,0.23943661971831,0.235294117647059,0.213333333333333,0.0952380952380952,0.3,0.157142857142857,0.238805970149254,0.245901639344262,0.23943661971831,0.363636363636364,0.180555555555556,0.1625,0.1875,0.75,0.3,0.333333333333333,0.289473684210526,0.16,0.5,0.176470588235294,0.225352112676056,0.211538461538462,0.234042553191489,0.245283018867925,0,0.142857142857143,0.166666666666667,0.5,0.206896551724138,0.5,0.538461538461538,0.5
"AML5_REL",0.214285714285714,0.235294117647059,0.210526315789474,0.209302325581395,0.142857142857143,0.126760563380282,0.114285714285714,0.189655172413793,0.145454545454545,0.71875,0.733333333333333,0.68421052631579,0.15,0.114754098360656,0.166666666666667,0.25,0.230769230769231,0.2,0.192307692307692,0.0975609756097561,0.169491525423729,0.230769230769231,0.175438596491228,0.232558139534884,0.17948717948718,0.30952380952381,0.177777777777778,0.103448275862069,0.117647058823529,0.152542372881356,0.138461538461538,0,0.158730158730159,0.0714285714285714,0.138461538461538,0.0754716981132075,0.166666666666667,0.129032258064516,0.15625,0.181818181818182,0.191780821917808,0.1,0.136363636363636,0.128571428571429,0.183333333333333,0.6,0.166666666666667,0.230769230769231,0.176470588235294,0.133333333333333,0.333333333333333,0.148936170212766,0.203703703703704,0.162790697674419,0.175,0.137254901960784,0,0.0769230769230769,0.174603174603175,0.333333333333333,0.16,0.285714285714286,0.25,0.25
"AML6_DX",0.2,0.2,0.333333333333333,0.272727272727273,0.222222222222222,0.142857142857143,0,0.307692307692308,0.142857142857143,0.3,0.5,0.25,0.727272727272727,0.8,0,0,0,0.2,0.25,0.1,0.153846153846154,0,0.125,0.25,0.166666666666667,0.307692307692308,0.166666666666667,0.0833333333333333,0.142857142857143,0.166666666666667,0.2,0,0.25,0,0.3,0.0769230769230769,0,0.157894736842105,0.181818181818182,0.166666666666667,0.157894736842105,0,0.230769230769231,0.153846153846154,0.25,0,0,0,0.272727272727273,0.142857142857143,0,0.133333333333333,0.2,0.166666666666667,0.1,0.166666666666667,0,0,0.3125,0,0.25,0,0,0
"AML6_REL",0.25,0.333333333333333,0.375,0.357142857142857,0.153846153846154,0.2,0.333333333333333,0.333333333333333,0.181818181818182,0.454545454545455,0.6,0.5,0.833333333333333,0.916666666666667,0,0.25,0.333333333333333,0.142857142857143,0.363636363636364,0.166666666666667,0.357142857142857,0.5,0.142857142857143,0.285714285714286,0.230769230769231,0.384615384615385,0.3,0.142857142857143,0.25,0.384615384615385,0.2,0,0.222222222222222,0,0.1875,0.0526315789473684,0,0.130434782608696,0.333333333333333,0.333333333333333,0.210526315789474,0,0.25,0.25,0.333333333333333,1,0.25,0.5,0.307692307692308,0.230769230769231,0.5,0.266666666666667,0.210526315789474,0.235294117647059,0.25,0.266666666666667,0,0,0.333333333333333,0,0.333333333333333,0,0.5,0
"AML7_DX",0,0,0,0.333333333333333,0,0.25,0,0.333333333333333,0,0.333333333333333,0,0,0.5,1,0,0,0,0.5,1,0,0.5,0,0.5,0.5,0.333333333333333,0.5,0,0,1,1,1,0,0,0,0,0,0,0,0.5,0.333333333333333,0.5,0,0.333333333333333,0.25,1,0,0,0,0.5,0,0,0,0.5,0,0,0,0,0,0.666666666666667,0,1,0,0,0
"AML7_REM",0.211538461538462,0.24390243902439,0.193548387096774,0.288888888888889,0.255813953488372,0.135802469135802,0.142857142857143,0.2,0.163934426229508,0.288888888888889,0.368421052631579,0.259259259259259,0.169014084507042,0.151515151515152,0.75,0.833333333333333,0.769230769230769,0.3,0.235294117647059,0.225,0.2,0.363636363636364,0.166666666666667,0.28,0.2,0.26,0.26530612244898,0.166666666666667,0.212765957446809,0.188405797101449,0.147058823529412,0,0.203389830508475,0.235294117647059,0.196969696969697,0.0869565217391304,0.142857142857143,0.0972222222222222,0.191176470588235,0.19047619047619,0.2,0.4,0.235294117647059,0.159420289855072,0.254545454545455,0.285714285714286,0.24,0.2,0.212121212121212,0.1,0.2,0.113207547169811,0.258064516129032,0.208333333333333,0.181818181818182,0.176470588235294,0,0.166666666666667,0.186440677966102,1,0.2,0.4,0.375,0.333333333333333
"AML7_REL",0.21875,0.214285714285714,0.272727272727273,0.303030303030303,0.333333333333333,0.127272727272727,0.161290322580645,0.255813953488372,0.155555555555556,0.225,0.266666666666667,0.222222222222222,0.185185185185185,0.109090909090909,1,1,1,0.333333333333333,0.217391304347826,0.185185185185185,0.209302325581395,0.25,0.214285714285714,0.228571428571429,0.205882352941176,0.257142857142857,0.235294117647059,0.181818181818182,0.166666666666667,0.173913043478261,0.210526315789474,0,0.173076923076923,0.166666666666667,0.169811320754717,0.0638297872340425,0.153846153846154,0.109090909090909,0.173076923076923,0.222222222222222,0.183333333333333,0.285714285714286,0.222222222222222,0.142857142857143,0.268292682926829,0.5,0.25,0.285714285714286,0.22,0.170731707317073,0.25,0.0930232558139535,0.224489795918367,0.228571428571429,0.138888888888889,0.17948717948718,0,0.25,0.244897959183673,1,0.294117647058824,0.333333333333333,0.25,0.5
"AML8_DX",0,0,0,0.25,0,0,0,0.2,0,0.333333333333333,0,0,0.25,0.333333333333333,0,0,0,1,1,1,0.25,0,0.5,0.2,0,0,0,0,0.333333333333333,0.2,0.285714285714286,0,0.2,0,0.166666666666667,0,0,0,0.142857142857143,0.166666666666667,0.333333333333333,0,0.2,0.1,0.285714285714286,0,0,0,0.166666666666667,0,0,0,0.142857142857143,0,0.333333333333333,0,0,0,0.25,0,0.5,0,0,0
"AML8_REM",0.176470588235294,0.166666666666667,0.171428571428571,0.2,0.204081632653061,0.126436781609195,0.150943396226415,0.163934426229508,0.169230769230769,0.229166666666667,0.285714285714286,0.233333333333333,0.194029850746269,0.150684931506849,0.357142857142857,0.35,0.3,0.777777777777778,0.703703703703704,0.666666666666667,0.220338983050847,0.272727272727273,0.218181818181818,0.211538461538462,0.170212765957447,0.230769230769231,0.173076923076923,0.106060606060606,0.244444444444444,0.196969696969697,0.103448275862069,0,0.157142857142857,0.176470588235294,0.191176470588235,0.149253731343284,0.222222222222222,0.126760563380282,0.157142857142857,0.142857142857143,0.185185185185185,0.230769230769231,0.142857142857143,0.12,0.236363636363636,0.4,0.103448275862069,0.133333333333333,0.194444444444444,0.117647058823529,0.2,0.157894736842105,0.194444444444444,0.163636363636364,0.227272727272727,0.171875,0,0.0909090909090909,0.142857142857143,0.5,0.1875,0.3,0.333333333333333,0.5
"AML8_REL",0.142857142857143,0.171428571428571,0.111111111111111,0.136363636363636,0.122448979591837,0.112903225806452,0.0909090909090909,0.203703703703704,0.155172413793103,0.210526315789474,0.133333333333333,0.111111111111111,0.137931034482759,0.107142857142857,0.25,0.2,0.181818181818182,0.8125,0.777777777777778,0.740740740740741,0.173076923076923,0.142857142857143,0.2,0.133333333333333,0.0930232558139535,0.148936170212766,0.130434782608696,0.0862068965517241,0.193548387096774,0.15,0.126984126984127,0,0.152542372881356,0,0.188679245283019,0.2,0.272727272727273,0.157894736842105,0.0961538461538462,0.1,0.17741935483871,0,0.133333333333333,0.0952380952380952,0.189655172413793,0.2,0.0555555555555556,0.0833333333333333,0.163636363636364,0.0816326530612245,0,0.113207547169811,0.158730158730159,0.0909090909090909,0.131578947368421,0.106382978723404,0,0,0.138461538461538,0,0.125,0.285714285714286,0.285714285714286,0.5
"AML10_DX",0.107692307692308,0.12962962962963,0.106382978723404,0.132075471698113,0.160714285714286,0.0416666666666667,0.0862068965517241,0.137931034482759,0.119565217391304,0.126760563380282,0.142857142857143,0.108108108108108,0.0813953488372093,0.075,0.125,0.15,0.173913043478261,0.171428571428571,0.0975609756097561,0.145833333333333,0.724137931034483,1,0.754716981132076,0.158730158730159,0.0769230769230769,0.147058823529412,0.0571428571428571,0.0657894736842105,0.142857142857143,0.126582278481013,0.108695652173913,0,0.12,0.0526315789473684,0.131578947368421,0.121951219512195,0.136363636363636,0.131868131868132,0.0963855421686747,0.113924050632911,0.155339805825243,0.125,0.1375,0.0888888888888889,0.102564102564103,0.222222222222222,0.0833333333333333,0.105263157894737,0.10989010989011,0.112676056338028,0.125,0.10958904109589,0.116883116883117,0.133333333333333,0.132075471698113,0.104477611940299,0,0.0555555555555556,0.131578947368421,0.25,0.125,0.0909090909090909,0.111111111111111,0.1
"AML10_REM",0.148148148148148,0.177777777777778,0.142857142857143,0.185185185185185,0.238095238095238,0.0779220779220779,0.14,0.149253731343284,0.147058823529412,0.166666666666667,0.272727272727273,0.230769230769231,0.0958904109589041,0.101449275362319,0.214285714285714,0.263157894736842,0.272727272727273,0.172413793103448,0.142857142857143,0.162790697674419,0.785714285714286,0.777777777777778,0.789473684210526,0.222222222222222,0.132075471698113,0.207547169811321,0.1,0.137254901960784,0.225,0.145161290322581,0.106666666666667,0,0.121212121212121,0.1875,0.136363636363636,0.12280701754386,0.117647058823529,0.132352941176471,0.15625,0.166666666666667,0.2,0.333333333333333,0.197183098591549,0.12,0.114754098360656,0.25,0.115384615384615,0.125,0.138888888888889,0.148148148148148,0.111111111111111,0.140350877192982,0.155172413793103,0.18,0.2,0.145833333333333,0,0.0714285714285714,0.138461538461538,0.25,0.137931034482759,0.153846153846154,0.238095238095238,0.166666666666667
"AML10_REL",0.0909090909090909,0.108108108108108,0.142857142857143,0.125,0.162790697674419,0.0338983050847458,0.0810810810810811,0.183673469387755,0.183673469387755,0.17948717948718,0.266666666666667,0.142857142857143,0.105263157894737,0.08,0.0909090909090909,0.153846153846154,0.133333333333333,0.148148148148148,0.107142857142857,0.15625,0.848484848484849,0.75,0.84375,0.113636363636364,0.0526315789473684,0.131578947368421,0.0869565217391304,0.14,0.171428571428571,0.142857142857143,0.138888888888889,0,0.142857142857143,0.0909090909090909,0.14,0.127272727272727,0.142857142857143,0.163934426229508,0.125,0.155555555555556,0.164179104477612,0.222222222222222,0.145454545454545,0.125,0.125,0.2,0.1,0.0833333333333333,0.148148148148148,0.219512195121951,0.166666666666667,0.225,0.1,0.166666666666667,0.131578947368421,0.210526315789474,0,0.111111111111111,0.195652173913043,0.333333333333333,0.2,0.0833333333333333,0.133333333333333,0
"AML11_DX",0.131147540983607,0.18,0.232558139534884,0.211538461538462,0.203703703703704,0.1125,0.153846153846154,0.156626506024096,0.160493827160494,0.158730158730159,0.181818181818182,0.148148148148148,0.10989010989011,0.10126582278481,0.166666666666667,0.214285714285714,0.153846153846154,0.176470588235294,0.142857142857143,0.15,0.202898550724638,0.153846153846154,0.171875,0.787878787878788,0.833333333333333,0.789473684210526,0.181818181818182,0.134328358208955,0.116279069767442,0.164556962025316,0.127659574468085,0,0.182926829268293,0,0.168831168831169,0.1125,0.117647058823529,0.149425287356322,0.142857142857143,0.171052631578947,0.173913043478261,0,0.151898734177215,0.129411764705882,0.242857142857143,0.5,0.08,0.166666666666667,0.146067415730337,0.0952380952380952,0.125,0.0933333333333333,0.146666666666667,0.217391304347826,0.134615384615385,0.158730158730159,0.25,0.0833333333333333,0.13953488372093,0.25,0.171428571428571,0.0666666666666667,0.1,0.142857142857143
"AML11_REM",0.142857142857143,0.18,0.236842105263158,0.229166666666667,0.211538461538462,0.106382978723404,0.14,0.130952380952381,0.125,0.192307692307692,0.3125,0.263157894736842,0.113636363636364,0.0987654320987654,0.25,0.222222222222222,0.214285714285714,0.217391304347826,0.1875,0.162790697674419,0.194029850746269,0.181818181818182,0.158730158730159,0.757575757575758,0.69047619047619,0.783783783783784,0.2,0.151515151515152,0.108695652173913,0.166666666666667,0.126436781609195,0,0.146341463414634,0.0625,0.137931034482759,0.117647058823529,0.0909090909090909,0.157894736842105,0.141025641025641,0.153846153846154,0.153846153846154,0.0833333333333333,0.1125,0.125,0.223880597014925,0.333333333333333,0.0689655172413793,0.153846153846154,0.129032258064516,0.0819672131147541,0.125,0.0933333333333333,0.144736842105263,0.18,0.152173913043478,0.153846153846154,0,0,0.12987012987013,0,0.142857142857143,0.111111111111111,0.176470588235294,0.5
"AML11_REL",0.275862068965517,0.333333333333333,0.375,0.423076923076923,0.36,0.243243243243243,0.380952380952381,0.15625,0.151515151515152,0.3,0.538461538461538,0.5,0.25,0.25,0.428571428571429,0.5,0.5,0.363636363636364,0.444444444444444,0.291666666666667,0.3,0.375,0.225806451612903,0.954545454545455,0.857142857142857,0.904761904761905,0.363636363636364,0.25,0.31578947368421,0.25,0.170731707317073,0,0.285714285714286,0.272727272727273,0.235294117647059,0.0967741935483871,0.125,0.125,0.263157894736842,0.257142857142857,0.230769230769231,0.375,0.264705882352941,0.189189189189189,0.34375,0.4,0.230769230769231,0.285714285714286,0.258064516129032,0.0625,0.2,0.108108108108108,0.264705882352941,0.321428571428571,0.380952380952381,0.25,0,0,0.138888888888889,0,0.176470588235294,0.2,0.5,0.5
"AML12_DX",0.25,0.272727272727273,0.222222222222222,0.266666666666667,0.125,0.0909090909090909,0.0769230769230769,0.25,0.117647058823529,0.266666666666667,0.333333333333333,0.285714285714286,0.0909090909090909,0.0476190476190476,0.25,0.166666666666667,0.166666666666667,0.222222222222222,0.0909090909090909,0.0769230769230769,0.0555555555555556,0,0.0625,0.176470588235294,0.142857142857143,0.285714285714286,0.916666666666667,0.909090909090909,0.0625,0.0416666666666667,0.166666666666667,0,0.176470588235294,0,0.166666666666667,0.0476190476190476,0.25,0.0952380952380952,0.142857142857143,0.222222222222222,0.0833333333333333,0,0.227272727272727,0.142857142857143,0.217391304347826,0,0,0,0.157894736842105,0.125,0,0.0625,0.166666666666667,0.235294117647059,0.0588235294117647,0.133333333333333,0,0,0.222222222222222,0,0.285714285714286,0.5,0.25,0
"AML12_REL",0.169811320754717,0.148148148148148,0.193548387096774,0.217391304347826,0.134615384615385,0.121621621621622,0.113636363636364,0.147058823529412,0.108108108108108,0.196078431372549,0.25,0.181818181818182,0.115942028985507,0.102941176470588,0.25,0.235294117647059,0.142857142857143,0.125,0.151515151515152,0.0754716981132075,0.0967741935483871,0.0625,0.107142857142857,0.218181818181818,0.183673469387755,0.285714285714286,0.805555555555556,0.705882352941177,0.0909090909090909,0.125,0.116279069767442,0,0.142857142857143,0.0625,0.136986301369863,0.107692307692308,0.125,0.10958904109589,0.103896103896104,0.183333333333333,0.1375,0.1,0.164556962025316,0.12987012987013,0.214285714285714,0.5,0.12,0.1875,0.157894736842105,0.142857142857143,0.5,0.11864406779661,0.133333333333333,0.148936170212766,0.130434782608696,0.158730158730159,0,0.166666666666667,0.123076923076923,0.333333333333333,0.148148148148148,0.181818181818182,0.111111111111111,0
"AML13_DX",0.148148148148148,0.170212765957447,0.175,0.191489361702128,0.148148148148148,0.1375,0.125,0.215384615384615,0.17910447761194,0.192982456140351,0.173913043478261,0.16,0.169014084507042,0.159420289855072,0.2,0.208333333333333,0.222222222222222,0.206896551724138,0.189189189189189,0.177777777777778,0.213114754098361,0.214285714285714,0.2,0.140350877192982,0.12280701754386,0.145161290322581,0.126984126984127,0.103896103896104,0.774193548387097,0.694915254237288,0.127906976744186,0,0.154929577464789,0.0588235294117647,0.139240506329114,0.147058823529412,0.1875,0.155844155844156,0.109756097560976,0.134328358208955,0.185185185185185,0.0769230769230769,0.144736842105263,0.121951219512195,0.242424242424242,0.4,0.125,0.1,0.175,0.127272727272727,0.125,0.153846153846154,0.162162162162162,0.113207547169811,0.142857142857143,0.142857142857143,0,0.0769230769230769,0.162162162162162,0.333333333333333,0.214285714285714,0.25,0.285714285714286,0.2
"AML13_REL",0.140350877192982,0.153846153846154,0.184210526315789,0.212765957446809,0.166666666666667,0.119047619047619,0.142857142857143,0.162162162162162,0.169014084507042,0.207547169811321,0.181818181818182,0.192307692307692,0.152777777777778,0.136986301369863,0.176470588235294,0.185185185185185,0.222222222222222,0.181818181818182,0.17948717948718,0.175438596491228,0.181818181818182,0.2,0.142857142857143,0.166666666666667,0.153846153846154,0.160714285714286,0.111111111111111,0.0952380952380952,0.827586206896552,0.767857142857143,0.112359550561798,0,0.158536585365854,0.0526315789473684,0.120879120879121,0.142857142857143,0.1875,0.118421052631579,0.108433734939759,0.112676056338028,0.188235294117647,0.0769230769230769,0.158536585365854,0.10989010989011,0.246575342465753,0.4,0.125,0.111111111111111,0.183908045977011,0.107142857142857,0.142857142857143,0.136363636363636,0.158536585365854,0.116666666666667,0.14,0.12987012987013,0,0.0625,0.127906976744186,0.5,0.222222222222222,0.2,0.25,0.2
"AML14_DX",0,0,0,0,0,0,0,0,0,0,0,0,0,0,0,0,0,0,0,0,0,0,0,0,0,0,0,0,0,0,0,0,0,0,0,0,0,0,0,0,0,0,0,0,0,0,0,0,0,0,0,0,0,0,0,0,0,0,0,0,0,0,0,0
"AML14_REM",0.214285714285714,0.227272727272727,0.194444444444444,0.188679245283019,0.192307692307692,0.0740740740740741,0.127659574468085,0.129032258064516,0.134328358208955,0.186046511627907,0.3,0.291666666666667,0.0821917808219178,0.0857142857142857,0.166666666666667,0.142857142857143,0.210526315789474,0.259259259259259,0.157894736842105,0.185185185185185,0.224489795918367,0.117647058823529,0.159090909090909,0.163636363636364,0.155172413793103,0.113207547169811,0.132075471698113,0.147540983606557,0.142857142857143,0.109375,0.638297872340426,0,0.10958904109589,0.0526315789473684,0.072463768115942,0.176470588235294,0.333333333333333,0.174603174603175,0.132352941176471,0.142857142857143,0.169014084507042,0.0833333333333333,0.223880597014925,0.171052631578947,0.171875,0.444444444444444,0.129032258064516,0.166666666666667,0.2,0.166666666666667,0.2,0.163265306122449,0.205882352941176,0.192982456140351,0.176470588235294,0.129032258064516,0.2,0.153846153846154,0.208955223880597,0.285714285714286,0.259259259259259,0.230769230769231,0.1875,0.166666666666667
"AML15_DX",0.12,0.125,0.117647058823529,0.163265306122449,0.125,0.0897435897435897,0.02,0.130434782608696,0.121212121212121,0.152173913043478,0.142857142857143,0.125,0.126760563380282,0.1,0.0666666666666667,0.0952380952380952,0.0526315789473684,0.137931034482759,0.0810810810810811,0.108695652173913,0.129032258064516,0,0.107142857142857,0.150943396226415,0.106382978723404,0.217391304347826,0.12280701754386,0.109375,0.0952380952380952,0.0972222222222222,0.0684931506849315,0,0.636363636363636,0.545454545454545,0.627450980392157,0.0769230769230769,0,0.0833333333333333,0.135135135135135,0.112903225806452,0.15,0.1,0.146666666666667,0.0875,0.17741935483871,0,0.037037037037037,0,0.194444444444444,0.0701754385964912,0,0.0862068965517241,0.144927536231884,0.109090909090909,0.0816326530612245,0.133333333333333,0,0,0.0921052631578947,0,0.0689655172413793,0,0.0526315789473684,0
"AML15_REM",0.153846153846154,0.142857142857143,0.2,0.170212765957447,0.130434782608696,0.0857142857142857,0.027027027027027,0.218181818181818,0.176470588235294,0.181818181818182,0.2,0.142857142857143,0.166666666666667,0.09375,0.1,0.0769230769230769,0.0769230769230769,0.2,0.114285714285714,0.116279069767442,0.150943396226415,0.1,0.177777777777778,0.173076923076923,0.0869565217391304,0.217391304347826,0.170212765957447,0.18,0.125,0.105263157894737,0.142857142857143,0,0.744186046511628,1,0.75,0.0545454545454545,0.0909090909090909,0.111111111111111,0.161764705882353,0.169491525423729,0.148148148148148,0.125,0.215384615384615,0.133333333333333,0.174603174603175,0.166666666666667,0.0416666666666667,0.0833333333333333,0.2,0.132075471698113,0.2,0.117647058823529,0.186440677966102,0.125,0.121951219512195,0.14,0,0.142857142857143,0.166666666666667,0.5,0.2,0.142857142857143,0.0909090909090909,0
"AML15_REL",0,0,0.2,0.25,0.166666666666667,0,0,0.142857142857143,0,0.125,0,0,0.0769230769230769,0,0,0,0,0.333333333333333,0,0,0.111111111111111,0,0.25,0.333333333333333,0.166666666666667,0.6,0.133333333333333,0.0833333333333333,0,0,0.153846153846154,0,0.875,1,0.888888888888889,0,0,0.117647058823529,0.117647058823529,0.2,0.157894736842105,0,0.266666666666667,0.117647058823529,0.230769230769231,0,0,0,0.0833333333333333,0,0,0,0.142857142857143,0.2,0.111111111111111,0.0769230769230769,0,0,0.157894736842105,0,0,0,0,0
"AML16_DX",0.173913043478261,0.125,0.1,0.09375,0.1,0.0232558139534884,0.12,0.142857142857143,0.105263157894737,0.133333333333333,0.428571428571429,0.25,0.0612244897959184,0.0714285714285714,0.222222222222222,0.222222222222222,0.166666666666667,0.210526315789474,0.136363636363636,0.0967741935483871,0.225806451612903,0.333333333333333,0.222222222222222,0.166666666666667,0.0740740740740741,0.0967741935483871,0.0571428571428571,0.0731707317073171,0.09375,0.0638297872340425,0.2,0,0.0892857142857143,0.1,0.0816326530612245,0.68,1,0.703703703703704,0.0833333333333333,0.111111111111111,0.212765957446809,0.2,0.186046511627907,0.132075471698113,0.15,0.666666666666667,0.125,0.285714285714286,0.125,0.151515151515152,0.25,0.135135135135135,0.152173913043478,0.142857142857143,0.16,0.0512820512820513,0,0.142857142857143,0.15,0.5,0.153846153846154,0.333333333333333,0.285714285714286,1
"AML16_REM",0.161290322580645,0.153846153846154,0.105263157894737,0.129032258064516,0.121212121212121,0.0566037735849057,0.178571428571429,0.166666666666667,0.121951219512195,0.151515151515152,0.285714285714286,0.25,0.0930232558139535,0.1,0.2,0.230769230769231,0.2,0.2,0.166666666666667,0.172413793103448,0.25,0.375,0.21875,0.2,0.111111111111111,0.128205128205128,0.0645161290322581,0.048780487804878,0.108108108108108,0.102564102564103,0.145833333333333,0,0.0909090909090909,0.0833333333333333,0.1,0.655172413793103,1,0.678571428571429,0.106382978723404,0.135135135135135,0.181818181818182,0.125,0.171428571428571,0.146341463414634,0.17948717948718,0.5,0.125,0.285714285714286,0.0697674418604651,0.0967741935483871,0.2,0.135135135135135,0.111111111111111,0.121212121212121,0.185185185185185,0.0833333333333333,0,0.125,0.111111111111111,0.5,0.125,0.285714285714286,0.375,0.5
"AML16_REL",0.0625,0.0714285714285714,0,0.0714285714285714,0.0555555555555556,0,0.0833333333333333,0.0833333333333333,0,0.0588235294117647,0,0,0,0,0,0,0,0.181818181818182,0.0714285714285714,0.0625,0.15,0,0.15,0.166666666666667,0.0769230769230769,0.0625,0,0,0,0.0384615384615385,0.107142857142857,0,0.0769230769230769,0,0.0833333333333333,0.692307692307692,1,0.714285714285714,0.0416666666666667,0.0588235294117647,0.08,0,0.08,0.0333333333333333,0.115384615384615,0,0,0,0.0869565217391304,0,0,0.0476190476190476,0.0344827586206897,0,0.0555555555555556,0,0,0,0.0833333333333333,0,0,0,0,0
"AML17_DX",0.12,0.15,0.19047619047619,0.291666666666667,0.16,0.0425531914893617,0.0416666666666667,0.189189189189189,0.111111111111111,0.214285714285714,0.230769230769231,0.166666666666667,0.0930232558139535,0.0952380952380952,0,0.1,0.1,0.125,0.0952380952380952,0.0869565217391304,0.142857142857143,0.125,0.129032258064516,0.185185185185185,0.173913043478261,0.166666666666667,0.09375,0.121212121212121,0.0333333333333333,0.0638297872340425,0.111111111111111,0,0.162162162162162,0,0.111111111111111,0.0263157894736842,0,0.0476190476190476,0.777777777777778,0.695652173913043,0.159090909090909,0,0.162790697674419,0.127659574468085,0.119047619047619,0,0,0,0.162162162162162,0.125,0,0.107142857142857,0.116279069767442,0.161290322580645,0.142857142857143,0.178571428571429,0,0,0.133333333333333,0,0.0666666666666667,0,0.1,0
"AML17_REL",0.227272727272727,0.243243243243243,0.3,0.358974358974359,0.263157894736842,0.176470588235294,0.17948717948718,0.229508196721311,0.178571428571429,0.325581395348837,0.421052631578947,0.333333333333333,0.205479452054795,0.206349206349206,0.307692307692308,0.388888888888889,0.3125,0.32,0.28125,0.225,0.203703703703704,0.3,0.2,0.25,0.244444444444444,0.260869565217391,0.25,0.244897959183673,0.19047619047619,0.234375,0.186440677966102,0,0.214285714285714,0.230769230769231,0.189655172413793,0.129032258064516,0.166666666666667,0.134328358208955,0.659574468085106,0.692307692307692,0.215189873417722,0.214285714285714,0.254237288135593,0.205882352941176,0.25,1,0.238095238095238,0.333333333333333,0.215384615384615,0.133333333333333,0.4,0.145833333333333,0.262295081967213,0.255813953488372,0.303030303030303,0.269230769230769,0,0.125,0.15625,0.5,0.222222222222222,0.222222222222222,0.3125,0.333333333333333
"AML18_DX",0.135135135135135,0.125,0.304347826086957,0.225806451612903,0.206896551724138,0.115384615384615,0.125,0.235294117647059,0.211538461538462,0.189189189189189,0.2,0.176470588235294,0.132075471698113,0.122448979591837,0.111111111111111,0.133333333333333,0.153846153846154,0.15,0.153846153846154,0.181818181818182,0.275,0.3,0.230769230769231,0.181818181818182,0.2,0.166666666666667,0.194444444444444,0.212765957446809,0.15625,0.18,0.160714285714286,0,0.188679245283019,0.1,0.136363636363636,0.130434782608696,0.111111111111111,0.134615384615385,0.142857142857143,0.263157894736842,0.659574468085106,1,0.204081632653061,0.230769230769231,0.176470588235294,0.2,0.142857142857143,0.142857142857143,0.18,0.34375,0.666666666666667,0.303030303030303,0.163265306122449,0.212121212121212,0.151515151515152,0.236842105263158,0,0.125,0.173913043478261,1,0.157894736842105,0.0909090909090909,0.166666666666667,0
"AML18_REL",0.116279069767442,0.0975609756097561,0.269230769230769,0.195121951219512,0.210526315789474,0.0833333333333333,0.0625,0.176470588235294,0.163636363636364,0.166666666666667,0.157894736842105,0.15,0.123076923076923,0.103448275862069,0.111111111111111,0.125,0.142857142857143,0.130434782608696,0.107142857142857,0.105263157894737,0.25,0.333333333333333,0.227272727272727,0.136363636363636,0.153846153846154,0.166666666666667,0.152173913043478,0.137931034482759,0.138888888888889,0.153846153846154,0.103896103896104,0,0.140350877192982,0.142857142857143,0.156862745098039,0.08,0.111111111111111,0.114754098360656,0.135593220338983,0.169811320754717,0.63265306122449,1,0.163636363636364,0.157894736842105,0.134615384615385,0.142857142857143,0.125,0.0909090909090909,0.15625,0.256410256410256,0.333333333333333,0.209302325581395,0.142857142857143,0.116279069767442,0.0952380952380952,0.214285714285714,0,0.166666666666667,0.137931034482759,1,0.15,0.166666666666667,0.25,0
"AML19_DX",0.0918367346938776,0.103896103896104,0.158730158730159,0.135802469135802,0.134146341463415,0.0671641791044776,0.0833333333333333,0.133333333333333,0.109375,0.147727272727273,0.193548387096774,0.146341463414634,0.0955882352941176,0.0769230769230769,0.136363636363636,0.117647058823529,0.206896551724138,0.132075471698113,0.0967741935483871,0.0941176470588235,0.104347826086957,0.12,0.104761904761905,0.105263157894737,0.0752688172043011,0.164835164835165,0.121212121212121,0.0952380952380952,0.0779220779220779,0.1328125,0.119718309859155,0,0.131147540983607,0.0869565217391304,0.104347826086957,0.117647058823529,0.153846153846154,0.110294117647059,0.104838709677419,0.148148148148148,0.146496815286624,0.136363636363636,0.846153846153846,0.82716049382716,0.131578947368421,0.272727272727273,0.0833333333333333,0.125,0.140625,0.117021276595745,0.230769230769231,0.117021276595745,0.136363636363636,0.160919540229885,0.140845070422535,0.112244897959184,0.25,0.133333333333333,0.12,0.25,0.136363636363636,0.12,0.137931034482759,0.1
"AML19_REL",0.10126582278481,0.121621621621622,0.15,0.125,0.148148148148148,0.0775193798449612,0.0694444444444444,0.137614678899083,0.133333333333333,0.121951219512195,0.166666666666667,0.119047619047619,0.0909090909090909,0.0769230769230769,0.117647058823529,0.111111111111111,0.217391304347826,0.133333333333333,0.0862068965517241,0.121951219512195,0.118811881188119,0.0909090909090909,0.10989010989011,0.129032258064516,0.107142857142857,0.160493827160494,0.133333333333333,0.120689655172414,0.114285714285714,0.14018691588785,0.129770992366412,0,0.136752136752137,0.0454545454545455,0.0970873786407767,0.138888888888889,0.173913043478261,0.12396694214876,0.111111111111111,0.138888888888889,0.162790697674419,0.105263157894737,0.777777777777778,0.81578947368421,0.150537634408602,0.428571428571429,0.0476190476190476,0.0909090909090909,0.153846153846154,0.151162790697674,0.333333333333333,0.131868131868132,0.161904761904762,0.177215189873418,0.158730158730159,0.134020618556701,0.2,0.117647058823529,0.147826086956522,0.4,0.184210526315789,0.0909090909090909,0.103448275862069,0
"AML20_DX",0.1375,0.133333333333333,0.166666666666667,0.2,0.175675675675676,0.10655737704918,0.128571428571429,0.136752136752137,0.11304347826087,0.160493827160494,0.21875,0.170731707317073,0.131147540983607,0.0990990990990991,0.238095238095238,0.241379310344828,0.208333333333333,0.186046511627907,0.222222222222222,0.176470588235294,0.116504854368932,0.16,0.10752688172043,0.189873417721519,0.138888888888889,0.189189189189189,0.168674698795181,0.116504854368932,0.140350877192982,0.13,0.112,0,0.142857142857143,0.0645161290322581,0.127450980392157,0.117647058823529,0.173913043478261,0.11214953271028,0.115044247787611,0.135416666666667,0.128,0.0869565217391304,0.129310344827586,0.0932203389830508,0.727272727272727,0.833333333333333,0.157894736842105,0.210526315789474,0.158415841584158,0.0945945945945946,0.181818181818182,0.108695652173913,0.15625,0.150684931506849,0.128571428571429,0.158536585365854,0.166666666666667,0.1,0.130841121495327,0.333333333333333,0.2,0.153846153846154,0.15625,0.166666666666667
"AML20_REM",0.227272727272727,0.232558139534884,0.21875,0.27906976744186,0.2,0.123287671232877,0.159090909090909,0.186440677966102,0.192982456140351,0.185185185185185,0.25,0.230769230769231,0.144927536231884,0.155172413793103,0.153846153846154,0.266666666666667,0.1875,0.227272727272727,0.285714285714286,0.225,0.181818181818182,0.2,0.125,0.254901960784314,0.18,0.235294117647059,0.181818181818182,0.120689655172414,0.2,0.171875,0.174603174603175,0,0.166666666666667,0.117647058823529,0.166666666666667,0.140350877192982,0.4,0.147540983606557,0.175438596491228,0.188679245283019,0.136986301369863,0.0833333333333333,0.184615384615385,0.130434782608696,0.75,0.8,0.173913043478261,0.214285714285714,0.159420289855072,0.175,0.222222222222222,0.1875,0.17910447761194,0.176470588235294,0.222222222222222,0.163636363636364,0.25,0.153846153846154,0.15625,0.5,0.230769230769231,0.25,0.285714285714286,0.25
"AML21_DX",0.153846153846154,0.166666666666667,0.333333333333333,0.428571428571429,0.230769230769231,0.142857142857143,0,0.2,0.210526315789474,0.285714285714286,0,0,0.173913043478261,0.115384615384615,0,0,0,0.285714285714286,0.166666666666667,0.0666666666666667,0.210526315789474,0,0.222222222222222,0.153846153846154,0.0769230769230769,0.25,0.166666666666667,0.0952380952380952,0.230769230769231,0.12,0.108108108108108,0,0.210526315789474,0,0.25,0,0,0.0357142857142857,0.125,0.133333333333333,0.217391304347826,0,0.185185185185185,0.0740740740740741,0.227272727272727,0,0.5,0,0.5625,0.1875,0,0.1875,0.222222222222222,0.105263157894737,0.125,0.176470588235294,0,0,0.227272727272727,0,0,0,0,0
"AML21_REM",0.0952380952380952,0.15,0.363636363636364,0.363636363636364,0.222222222222222,0.151515151515152,0.2,0.0857142857142857,0.1,0.238095238095238,0.333333333333333,0.375,0.131578947368421,0.0606060606060606,0.25,0.166666666666667,0.333333333333333,0.266666666666667,0.153846153846154,0.136363636363636,0.2,0.2,0.172413793103448,0.208333333333333,0.115384615384615,0.25,0.0833333333333333,0.0833333333333333,0.117647058823529,0.0540540540540541,0.162162162162162,0,0.0857142857142857,0,0.137931034482759,0.0294117647058824,0.166666666666667,0.0285714285714286,0.166666666666667,0.142857142857143,0.125,0,0.1875,0.114285714285714,0.193548387096774,1,0.714285714285714,1,0.535714285714286,0.16,0.333333333333333,0.125,0.142857142857143,0.172413793103448,0.153846153846154,0.12,0,0,0.212121212121212,0,0.166666666666667,0.333333333333333,0.2,0.5
"AML21_REL",0.0666666666666667,0.0714285714285714,0.2,0.266666666666667,0.214285714285714,0.08,0.125,0.0714285714285714,0.0833333333333333,0.133333333333333,0,0,0.0606060606060606,0.03125,0,0,0.25,0.125,0.0909090909090909,0.111111111111111,0.0869565217391304,0,0.130434782608696,0.117647058823529,0.05,0.133333333333333,0.0952380952380952,0.0434782608695652,0.0769230769230769,0.03125,0.0769230769230769,0,0.12,0,0.166666666666667,0,0,0,0.0769230769230769,0.05,0.133333333333333,0,0.125,0.0294117647058824,0.111111111111111,0,1,1,0.521739130434783,0.136363636363636,0,0.142857142857143,0.117647058823529,0.0909090909090909,0.0454545454545455,0.1,0,0,0.142857142857143,0,0.125,0,0,0
"AML22_DX",0.122448979591837,0.108695652173913,0.242424242424242,0.222222222222222,0.215686274509804,0.107692307692308,0.121212121212121,0.232142857142857,0.203389830508475,0.169811320754717,0.166666666666667,0.181818181818182,0.111111111111111,0.0833333333333333,0.142857142857143,0.142857142857143,0.1875,0.142857142857143,0.125,0.1,0.25531914893617,0.222222222222222,0.24,0.153846153846154,0.102040816326531,0.166666666666667,0.162790697674419,0.2,0.119047619047619,0.138461538461538,0.2,0,0.135593220338983,0.0909090909090909,0.150943396226415,0.152542372881356,0.1875,0.171428571428571,0.134328358208955,0.166666666666667,0.246376811594203,0.2,0.241935483870968,0.176470588235294,0.131147540983607,0.166666666666667,0.130434782608696,0.0769230769230769,0.194029850746269,0.642857142857143,0.6,0.641025641025641,0.231884057971014,0.212765957446809,0.119047619047619,0.204081632653061,0,0.142857142857143,0.162162162162162,1,0.192307692307692,0.153846153846154,0.142857142857143,0
"AML22_REM",0.25,0.230769230769231,0.454545454545455,0.428571428571429,0.375,0.08,0.153846153846154,0.333333333333333,0.333333333333333,0.222222222222222,0.333333333333333,0.285714285714286,0.173913043478261,0.210526315789474,0.2,0.25,0.25,0.222222222222222,0.25,0.153846153846154,0.5,0.5,0.4,0.421052631578947,0.222222222222222,0.333333333333333,0.1875,0.277777777777778,0.230769230769231,0.210526315789474,0.318181818181818,0,0.19047619047619,0,0.130434782608696,0.16,0.166666666666667,0.217391304347826,0.217391304347826,0.277777777777778,0.363636363636364,0.333333333333333,0.333333333333333,0.227272727272727,0.333333333333333,0.333333333333333,0.25,0.333333333333333,0.294117647058824,0.8,0.5,0.727272727272727,0.368421052631579,0.3125,0.2,0.285714285714286,0,0,0.25,0,0.333333333333333,0.25,0.25,0.5
"AML22_REL",0.1875,0.15625,0.285714285714286,0.296296296296296,0.21875,0.146341463414634,0.181818181818182,0.285714285714286,0.256410256410256,0.222222222222222,0.25,0.230769230769231,0.142857142857143,0.122448979591837,0.181818181818182,0.25,0.333333333333333,0.208333333333333,0.16,0.125,0.21875,0.285714285714286,0.212121212121212,0.1875,0.121212121212121,0.205882352941176,0.161290322580645,0.17948717948718,0.142857142857143,0.163265306122449,0.230769230769231,0,0.170731707317073,0.1,0.166666666666667,0.205882352941176,0.3,0.236842105263158,0.148936170212766,0.189189189189189,0.295454545454545,0.285714285714286,0.288888888888889,0.24,0.2,0.25,0.133333333333333,0.142857142857143,0.19047619047619,0.857142857142857,1,0.826086956521739,0.375,0.333333333333333,0.172413793103448,0.1875,0,0.2,0.130434782608696,1,0.125,0.222222222222222,0.25,0
"AML24_DX",0.113636363636364,0.136363636363636,0.28,0.256410256410256,0.184210526315789,0.112676056338028,0.0731707317073171,0.148148148148148,0.116666666666667,0.159090909090909,0.166666666666667,0.136363636363636,0.155172413793103,0.112903225806452,0.1,0.0769230769230769,0.142857142857143,0.125,0.137931034482759,0.0952380952380952,0.137931034482759,0,0.156862745098039,0.156862745098039,0.113636363636364,0.183673469387755,0.148936170212766,0.134615384615385,0.0975609756097561,0.138461538461538,0.194444444444444,0,0.152542372881356,0,0.145454545454545,0.103448275862069,0.166666666666667,0.11864406779661,0.131147540983607,0.148936170212766,0.152777777777778,0,0.229508196721311,0.174603174603175,0.153846153846154,0.2,0.0952380952380952,0.0714285714285714,0.176470588235294,0.209302325581395,0.2,0.183673469387755,0.725,0.793103448275862,0.517241379310345,0.173913043478261,0,0,0.172413793103448,0,0.19047619047619,0.111111111111111,0.0833333333333333,0
"AML24_REM",0,0,0,0,0,0.25,0,0.5,0,0,0,0,0,0,0,0,0,0,0,0,0,0,0,0.25,0.333333333333333,0.2,0,0,0,0,0.25,0,0,0,0,0,0,0.2,0,0,0,0,0,0,0,0,0,0,0.5,0,0,0,0.666666666666667,1,1,0,0,0,0.25,0,0,0,0,0
"AML24_REL",0.166666666666667,0.173913043478261,0.333333333333333,0.307692307692308,0.217391304347826,0.121951219512195,0.103448275862069,0.233333333333333,0.151515151515152,0.193548387096774,0.285714285714286,0.210526315789474,0.171428571428571,0.114285714285714,0.111111111111111,0.2,0.181818181818182,0.214285714285714,0.19047619047619,0.192307692307692,0.242424242424242,0.166666666666667,0.233333333333333,0.285714285714286,0.222222222222222,0.290322580645161,0.148148148148148,0.125,0.153846153846154,0.0810810810810811,0.19047619047619,0,0.2,0,0.15625,0.0909090909090909,0.0909090909090909,0.117647058823529,0.210526315789474,0.205882352941176,0.222222222222222,0,0.289473684210526,0.19047619047619,0.216216216216216,0.4,0.153846153846154,0.2,0.228571428571429,0.178571428571429,0.2,0.166666666666667,0.695652173913043,0.894736842105263,0.8,0.185185185185185,0,0,0.222222222222222,0,0.214285714285714,0.2,0.25,0.2
"AML25_DX",0,0,0,0,0,0,0,0,0,0,0,0,0,0,0,0,0,0,0,0,0,0,0,0,0,0,0,0,0,0,0,0,0,0,0,0,0,0,0,0,0,0,0,0,0,0,0,0,0,0,0,0,0,0,0,0,0,0,0,0,0,0,0,0
"AML25_REM",0.128571428571429,0.136986301369863,0.208333333333333,0.222222222222222,0.211267605633803,0.0740740740740741,0.0806451612903226,0.157894736842105,0.166666666666667,0.2,0.260869565217391,0.1875,0.161904761904762,0.166666666666667,0.157894736842105,0.260869565217391,0.227272727272727,0.175,0.181818181818182,0.155172413793103,0.207792207792208,0.176470588235294,0.191176470588235,0.169014084507042,0.141025641025641,0.175,0.125,0.130434782608696,0.203703703703704,0.213483146067416,0.154545454545455,0,0.183908045977011,0.15,0.155555555555556,0.117021276595745,0.0909090909090909,0.135922330097087,0.15625,0.179775280898876,0.171171171171171,0.214285714285714,0.177777777777778,0.148514851485149,0.170454545454545,0.25,0.117647058823529,0.125,0.163636363636364,0.169230769230769,0.25,0.162162162162162,0.186813186813187,0.178082191780822,0.210526315789474,0.583333333333333,0.75,0.636363636363636,0.138297872340426,0.6,0.205128205128205,0.0666666666666667,0.142857142857143,0
"AML25_REL",0.109375,0.138461538461538,0.170212765957447,0.169230769230769,0.171428571428571,0.0648148148148148,0.0517241379310345,0.131868131868132,0.146067415730337,0.161290322580645,0.166666666666667,0.148148148148148,0.123711340206186,0.102272727272727,0.125,0.157894736842105,0.111111111111111,0.166666666666667,0.135135135135135,0.175438596491228,0.153846153846154,0.133333333333333,0.154929577464789,0.155172413793103,0.158730158730159,0.176470588235294,0.131578947368421,0.113636363636364,0.166666666666667,0.136363636363636,0.0973451327433628,0,0.136363636363636,0.0666666666666667,0.127906976744186,0.121951219512195,0.111111111111111,0.102272727272727,0.117021276595745,0.1375,0.168316831683168,0.0909090909090909,0.152941176470588,0.129032258064516,0.148148148148148,0.333333333333333,0.08,0.0769230769230769,0.166666666666667,0.10958904109589,0.111111111111111,0.108108108108108,0.166666666666667,0.142857142857143,0.145454545454545,0.527272727272727,0.666666666666667,0.625,0.131313131313131,0.5,0.151515151515152,0.0714285714285714,0.111111111111111,0
"AML26_DX",0.0804597701149425,0.10958904109589,0.12280701754386,0.135135135135135,0.148148148148148,0.0884955752212389,0.12280701754386,0.128712871287129,0.11214953271028,0.152777777777778,0.2,0.153846153846154,0.0925925925925926,0.0769230769230769,0.210526315789474,0.185185185185185,0.238095238095238,0.152173913043478,0.117647058823529,0.106060606060606,0.127659574468085,0.166666666666667,0.0941176470588235,0.103896103896104,0.109756097560976,0.108433734939759,0.0879120879120879,0.0824742268041237,0.134328358208955,0.0842105263157895,0.128440366972477,0,0.0761904761904762,0.0645161290322581,0.058252427184466,0.09,0.173913043478261,0.1,0.087378640776699,0.0989010989010989,0.0916030534351145,0.0454545454545455,0.101851851851852,0.0925925925925926,0.122222222222222,0.4,0.147058823529412,0.117647058823529,0.144230769230769,0.0941176470588235,0.0909090909090909,0.0888888888888889,0.12962962962963,0.113924050632911,0.101449275362319,0.0804597701149425,0,0.0769230769230769,0.773333333333333,1,0.833333333333333,0.1875,0.178571428571429,0.166666666666667
"AML26_REM",0.10126582278481,0.126760563380282,0.181818181818182,0.160493827160494,0.173333333333333,0.0892857142857143,0.104477611940299,0.142857142857143,0.153061224489796,0.157142857142857,0.241379310344828,0.17948717948718,0.116504854368932,0.118279569892473,0.238095238095238,0.214285714285714,0.25,0.214285714285714,0.137254901960784,0.161290322580645,0.166666666666667,0.19047619047619,0.148148148148148,0.152777777777778,0.138888888888889,0.168831168831169,0.113924050632911,0.104651162790698,0.181818181818182,0.125,0.189473684210526,0,0.0879120879120879,0.103448275862069,0.0967741935483871,0.10752688172043,0.238095238095238,0.127659574468085,0.134020618556701,0.131868131868132,0.111111111111111,0.0952380952380952,0.118811881188119,0.133333333333333,0.134831460674157,0.428571428571429,0.121951219512195,0.142857142857143,0.157407407407407,0.142857142857143,0.2,0.126582278481013,0.153846153846154,0.151898734177215,0.136986301369863,0.119047619047619,0.4,0.230769230769231,0.746031746031746,1,0.777777777777778,0.230769230769231,0.192307692307692,0.142857142857143
"AML26_REL",0.119047619047619,0.128571428571429,0.160714285714286,0.191176470588235,0.181818181818182,0.0714285714285714,0.107142857142857,0.142857142857143,0.118811881188119,0.183098591549296,0.230769230769231,0.181818181818182,0.111111111111111,0.0970873786407767,0.222222222222222,0.227272727272727,0.277777777777778,0.173913043478261,0.127659574468085,0.101449275362319,0.146067415730337,0.157894736842105,0.152941176470588,0.121621621621622,0.128205128205128,0.156626506024096,0.106382978723404,0.0882352941176471,0.152542372881356,0.115789473684211,0.166666666666667,0,0.0927835051546392,0.04,0.09,0.104166666666667,0.181818181818182,0.123809523809524,0.130841121495327,0.142857142857143,0.107692307692308,0.0526315789473684,0.132075471698113,0.116504854368932,0.147368421052632,0.428571428571429,0.142857142857143,0.15,0.146788990825688,0.10989010989011,0.0769230769230769,0.0918367346938776,0.148148148148148,0.138888888888889,0.153846153846154,0.108433734939759,0.333333333333333,0.176470588235294,0.743589743589744,1,0.774193548387097,0.166666666666667,0.173913043478261,0.142857142857143
"AML27_DX",0.106666666666667,0.140625,0.13953488372093,0.119402985074627,0.15625,0.0952380952380952,0.102040816326531,0.150943396226415,0.178947368421053,0.188405797101449,0.208333333333333,0.166666666666667,0.0854700854700855,0.0686274509803922,0.111111111111111,0.157894736842105,0.210526315789474,0.131578947368421,0.113636363636364,0.123076923076923,0.159574468085106,0.166666666666667,0.142857142857143,0.159420289855072,0.148648648648649,0.183098591549296,0.123456790123457,0.103092783505155,0.137931034482759,0.13265306122449,0.109243697478992,0,0.164948453608247,0.0526315789473684,0.122448979591837,0.13265306122449,0.117647058823529,0.154545454545455,0.0961538461538462,0.119565217391304,0.128571428571429,0.0714285714285714,0.100917431192661,0.104347826086957,0.144329896907216,0.333333333333333,0.0588235294117647,0.133333333333333,0.153153153153153,0.0795454545454545,0.166666666666667,0.119565217391304,0.113207547169811,0.0625,0.107692307692308,0.113636363636364,0,0.1,0.158878504672897,0.5,0.131578947368421,0.5,0.583333333333333,0.333333333333333
"AML27_REM",0.149425287356322,0.15,0.140350877192982,0.148936170212766,0.1625,0.115384615384615,0.153846153846154,0.155339805825243,0.150943396226415,0.204819277108434,0.28125,0.256410256410256,0.137404580152672,0.135135135135135,0.208333333333333,0.275862068965517,0.266666666666667,0.191489361702128,0.185185185185185,0.141025641025641,0.166666666666667,0.181818181818182,0.134831460674157,0.148936170212766,0.114583333333333,0.2,0.120879120879121,0.102564102564103,0.166666666666667,0.17948717948718,0.129310344827586,0,0.183333333333333,0.166666666666667,0.153225806451613,0.111111111111111,0.173913043478261,0.141666666666667,0.122950819672131,0.144,0.134228187919463,0.173913043478261,0.12396694214876,0.120300751879699,0.165137614678899,0.181818181818182,0.1,0.1,0.16793893129771,0.0947368421052632,0.125,0.125,0.151785714285714,0.11,0.16,0.14018691588785,0,0.0625,0.116071428571429,0.166666666666667,0.142857142857143,0.615384615384615,0.722222222222222,0.5
"AML27_REL",0.119402985074627,0.140625,0.119047619047619,0.128571428571429,0.153846153846154,0.091743119266055,0.107142857142857,0.138613861386139,0.15625,0.166666666666667,0.24,0.1875,0.0948275862068965,0.0740740740740741,0.176470588235294,0.210526315789474,0.263157894736842,0.142857142857143,0.127659574468085,0.131578947368421,0.142857142857143,0.176470588235294,0.12987012987013,0.150684931506849,0.115384615384615,0.159420289855072,0.120481927710843,0.0849056603773585,0.131147540983607,0.0961538461538462,0.105263157894737,0,0.180851063829787,0.05,0.145833333333333,0.134020618556701,0.2,0.117117117117117,0.0882352941176471,0.119565217391304,0.111111111111111,0.0526315789473684,0.115044247787611,0.0826446280991736,0.142857142857143,0.25,0.0571428571428571,0.117647058823529,0.157407407407407,0.0731707317073171,0.142857142857143,0.117647058823529,0.12,0.108108108108108,0.132352941176471,0.105263157894737,0,0.0666666666666667,0.138888888888889,0.2,0.1,0.545454545454545,0.727272727272727,0.666666666666667
