"ID","Description","GeneRatio","BgRatio","RichFactor","FoldEnrichment","zScore","pvalue","p.adjust","qvalue","geneID","Count","Comparison"
"GO:0015669","gas transport","6/370","22/18805",0.272727272727273,13.8611793611794,8.55094412087235,3.18432395943668e-06,0.00921523845570684,0.00865129727941008,"HBB/HBD/HBG1/HBM/HBQ1/RHAG",6,"DX_vs_REM"
"GO:0019058","viral life cycle","19/370","295/18805",0.064406779661017,3.27343105817682,5.57563068707565,6.65326280590772e-06,0.00921523845570684,0.00865129727941008,"ATG16L2/LDLR/APOE/GRK2/MYH10/RAD23A/MVB12A/BST2/ISG15/TNFRSF4/P4HB/SMC6/IDE/CLEC4G/PCBP1/DYNLT1/ADARB1/BSG/BCL2",19,"DX_vs_REM"
"GO:0015671","oxygen transport","5/370","15/18805",0.333333333333333,16.9414414414414,8.7501246534582,7.32725029608283e-06,0.00921523845570684,0.00865129727941008,"HBB/HBD/HBG1/HBM/HBQ1",5,"DX_vs_REM"
"GO:0042744","hydrogen peroxide catabolic process","6/370","31/18805",0.193548387096774,9.83696599825632,6.97605725656456,2.70551231714765e-05,0.0238797222687633,0.022418364678223,"HBB/HBD/HBG1/HBM/HBQ1/PRDX2",6,"DX_vs_REM"
"GO:0016032","viral process","22/370","421/18805",0.0522565320665083,2.65590293381267,4.86810940771074,3.41003207729767e-05,0.0238797222687633,0.022418364678223,"ATG16L2/LDLR/APOE/EIF3B/GRK2/TFAP4/MYH10/RAD23A/MVB12A/BST2/ISG15/TNFRSF4/P4HB/SMC6/IDE/CLEC4G/PCBP1/DYNLT1/ADARB1/BSG/BCL2/TRIM8",22,"DX_vs_REM"
"GO:0030099","myeloid cell differentiation","23/370","455/18805",0.0505494505494506,2.56914166914167,4.80014362143839,3.79746444772276e-05,0.0238797222687633,0.022418364678223,"FASN/PURB/HMGB3/STAT5A/JAG1/CEBPB/GPR183/KLF1/ISG15/INHBA/HSF1/ZBTB7A/GPR68/IRF8/CBFA2T3/PRTN3/ABI1/SLC4A1/FOSL2/RHAG/HOXA5/HOXA7/HOXA9",23,"DX_vs_REM"
"GO:0030098","lymphocyte differentiation","22/370","432/18805",0.0509259259259259,2.58827577577578,4.73131823571643,5.01162638814246e-05,0.0270126662320878,0.0253595831520291,"HMGB3/KAT2A/STAT5A/TNFSF9/GPR18/GPR183/PRDX2/INHBA/CLCF1/ZBTB7A/HHEX/CD27/IL4R/FLT3LG/CLEC4G/IRF8/CD3E/CD3D/CD3G/SMARCC2/BCL2/FOSL2",22,"DX_vs_REM"
"GO:0034122","negative regulation of toll-like receptor signaling pathway","5/370","22/18805",0.227272727272727,11.5509828009828,7.01497598453646,5.73584483873867e-05,0.0270516782207012,0.0253962077399416,"GPR108/CD300LF/IRAK3/ARRB2/SMPDL3B",5,"DX_vs_REM"
"GO:0042743","hydrogen peroxide metabolic process","7/370","55/18805",0.127272727272727,6.46855036855037,5.75383412473033,9.71191151961605e-05,0.0407144912927904,0.0382229032321731,"HBB/HBD/HBG1/HBM/HBQ1/PRDX2/CYBA",7,"DX_vs_REM"
"GO:0030183","B cell differentiation","11/370","141/18805",0.0780141843971631,3.96501820969906,5.0065547599531,0.000110744079112464,0.0417837410491328,0.0392267185487835,"HMGB3/GPR183/INHBA/CLCF1/ZBTB7A/HHEX/CD27/FLT3LG/IRF8/BCL2/FOSL2",11,"DX_vs_REM"
"GO:0015670","carbon dioxide transport","4/370","15/18805",0.266666666666667,13.5531531531532,6.89032138577488,0.000169500319006411,0.0534253608718732,0.0501559109277424,"HBB/HBD/HBG1/RHAG",4,"DX_vs_REM"
"GO:0001541","ovarian follicle development","7/370","60/18805",0.116666666666667,5.9295045045045,5.41801973909933,0.000169918985015234,0.0534253608718732,0.0501559109277424,"UMODL1/CEBPB/DMC1/INHBA/GNRH1/LSM14B/BCL2",7,"DX_vs_REM"
"GO:0042113","B cell activation","16/370","287/18805",0.0557491289198606,2.83341180902157,4.43412921890217,0.000192760518433712,0.0559450335423382,0.0525213882210075,"RNF8/HMGB3/CD70/GPR183/BST2/TNFRSF4/INHBA/CLCF1/ZBTB7A/HHEX/CD27/FLT3LG/IRF8/BCL2/THEMIS2/FOSL2",16,"DX_vs_REM"
"GO:0046434","organophosphate catabolic process","14/370","242/18805",0.0578512396694215,2.9402501675229,4.30373718540181,0.000329860194295491,0.0888973223626348,0.083457109308596,"LDLR/FLCN/NT5M/APOC1/ENO1/ZBTB7A/GAPDH/PLD2/PNPLA6/CBFA2T3/SLC4A1/SMPDL3B/ITPA/PLB1",14,"DX_vs_REM"
"GO:0044403","biological process involved in symbiotic interaction","13/370","220/18805",0.0590909090909091,3.00325552825553,4.23419465826539,0.000436874866723008,0.108983276890233,0.102313871897453,"LDLR/GRK2/MYH10/BST2/TNFRSF4/P4HB/IDE/GAPDH/CLEC4G/DYNLT1/BSG/AZU1/ELANE",13,"DX_vs_REM"
"GO:0006898","receptor-mediated endocytosis","15/370","280/18805",0.0535714285714286,2.72273166023166,4.1145463112582,0.000462160728927572,0.108983276890233,0.102313871897453,"LDLR/APOE/APOC1/GRK2/ANKRD13D/SYT17/TFR2/ACHE/HGS/DNAJC6/ARRB2/CXCL16/ITGB2/GRK4/CD9",15,"DX_vs_REM"
"GO:0050792","regulation of viral process","10/370","142/18805",0.0704225352112676,3.57917776931861,4.370580596281,0.000513106598149727,0.113879482048172,0.106910445992188,"RAD23A/BST2/ISG15/P4HB/CLEC4G/DYNLT1/ADARB1/BSG/BCL2/TRIM8",10,"DX_vs_REM"
"GO:0009395","phospholipid catabolic process","6/370","54/18805",0.111111111111111,5.64714714714715,4.84479605120701,0.00064878106454519,0.135991719807167,0.127669490186817,"LDLR/APOC1/PLD2/PNPLA6/SMPDL3B/PLB1",6,"DX_vs_REM"
"GO:0019079","viral genome replication","9/370","124/18805",0.0725806451612903,3.68886224934612,4.25582487371149,0.000780248023434356,0.154940831179885,0.145458980546072,"ATG16L2/GRK2/RAD23A/BST2/ISG15/SMC6/PCBP1/ADARB1/BCL2",9,"DX_vs_REM"
"GO:0034121","regulation of toll-like receptor signaling pathway","5/370","38/18805",0.131578947368421,6.68741109530583,4.97179718972541,0.000844571872830815,0.159328483809533,0.149578123793457,"GPR108/CD300LF/IRAK3/ARRB2/SMPDL3B",5,"DX_vs_REM"
"GO:0006909","phagocytosis","13/370","238/18805",0.0546218487394958,2.77611855553032,3.90655527469565,0.0009108718209645,0.159828998744007,0.150048008920329,"LDLR/MYO1G/RAB20/CD300LF/RAB34/PLD2/IRF8/CYBA/ITGB2/AZU1/PRTN3/ELANE/XKR8",13,"DX_vs_REM"
"GO:0002446","neutrophil mediated immunity","5/370","39/18805",0.128205128205128,6.51593901593901,4.88506465205174,0.000953333328549108,0.159828998744007,0.150048008920329,"PRAM1/STXBP2/ITGB2/AZU1/ELANE",5,"DX_vs_REM"
"GO:0008406","gonad development","13/370","240/18805",0.0541666666666667,2.75298423423423,3.87204652164443,0.000983393442977879,0.159828998744007,0.150048008920329,"UMODL1/CEBPB/NUDT1/DMC1/INHBA/GNRH1/RETN/LSM14B/BCL2/MKKS/HOXA9/HOXA10/UTF1",13,"DX_vs_REM"
"GO:1903706","regulation of hemopoiesis","19/370","436/18805",0.0435779816513761,2.214821472849,3.63594545645639,0.00109524364032689,0.159828998744007,0.150048008920329,"PURB/HMGB3/KAT2A/STAT5A/TNFSF9/JAG1/CEBPB/PRDX2/ISG15/INHBA/HSF1/GPR68/CD27/IL4R/CLEC4G/SMARCC2/HOXA5/HOXA7/HOXA9",19,"DX_vs_REM"
"GO:0033632","regulation of cell-cell adhesion mediated by integrin","3/370","11/18805",0.272727272727273,13.8611793611794,6.04466084714102,0.0011085191527235,0.159828998744007,0.150048008920329,"FERMT3/CD3E/PIEZO1",3,"DX_vs_REM"
"GO:0046718","symbiont entry into host cell","9/370","131/18805",0.0687022900763359,3.4917474726635,4.05438894802136,0.00115332435978719,0.159828998744007,0.150048008920329,"LDLR/GRK2/MYH10/TNFRSF4/P4HB/IDE/CLEC4G/DYNLT1/BSG",9,"DX_vs_REM"
"GO:0008585","female gonad development","8/370","106/18805",0.0754716981132075,3.83579806221316,4.14785394526325,0.00117603459224196,0.159828998744007,0.150048008920329,"UMODL1/CEBPB/DMC1/INHBA/GNRH1/RETN/LSM14B/BCL2",8,"DX_vs_REM"
"GO:0045137","development of primary sexual characteristics","13/370","245/18805",0.0530612244897959,2.69680088251517,3.78729687878272,0.0011861150185084,0.159828998744007,0.150048008920329,"UMODL1/CEBPB/NUDT1/DMC1/INHBA/GNRH1/RETN/LSM14B/BCL2/MKKS/HOXA9/HOXA10/UTF1",13,"DX_vs_REM"
"GO:0062207","regulation of pattern recognition receptor signaling pathway","11/370","191/18805",0.0575916230366492,2.92705532757889,3.79223659634235,0.0014564482851017,0.166367670140628,0.156186535919542,"TKFC/GPR108/ZDHHC12/CD300LF/AURKB/PUM2/IRAK3/NPLOC4/ARRB2/CYBA/SMPDL3B",11,"DX_vs_REM"
"GO:0030948","negative regulation of vascular endothelial growth factor receptor signaling pathway","3/370","12/18805",0.25,12.7060810810811,5.74656742060906,0.00145655434064103,0.166367670140628,0.156186535919542,"PTPN1/HGS/HHEX",3,"DX_vs_REM"
"GO:0035771","interleukin-4-mediated signaling pathway","3/370","12/18805",0.25,12.7060810810811,5.74656742060906,0.00145655434064103,0.166367670140628,0.156186535919542,"STAT5A/CD300LF/IL4R",3,"DX_vs_REM"
"GO:0043312","neutrophil degranulation","3/370","12/18805",0.25,12.7060810810811,5.74656742060906,0.00145655434064103,0.166367670140628,0.156186535919542,"PRAM1/STXBP2/ITGB2",3,"DX_vs_REM"
"GO:0046545","development of primary female sexual characteristics","8/370","110/18805",0.0727272727272727,3.6963144963145,4.01798736556818,0.00149318695198494,0.166367670140628,0.156186535919542,"UMODL1/CEBPB/DMC1/INHBA/GNRH1/RETN/LSM14B/BCL2",8,"DX_vs_REM"
"GO:0044409","symbiont entry into host","9/370","136/18805",0.0661764705882353,3.36337440381558,3.91873473388645,0.00149920508475519,0.166367670140628,0.156186535919542,"LDLR/GRK2/MYH10/TNFRSF4/P4HB/IDE/CLEC4G/DYNLT1/BSG",9,"DX_vs_REM"
"GO:0019755","one-carbon compound transport","4/370","26/18805",0.153846153846154,7.81912681912682,4.92928152547335,0.00156480740187328,0.167468548988875,0.157220044735465,"HBB/HBD/HBG1/RHAG",4,"DX_vs_REM"
"GO:0045620","negative regulation of lymphocyte differentiation","6/370","64/18805",0.09375,4.7647804054054,4.27403100606946,0.00159789763148675,0.167468548988875,0.157220044735465,"HMGB3/STAT5A/PRDX2/INHBA/IL4R/CLEC4G",6,"DX_vs_REM"
"GO:0098586","cellular response to virus","7/370","89/18805",0.0786516853932584,3.99741876708169,4.01550637305738,0.00186534332600309,0.182226234233462,0.171074609955947,"IFNAR2/IL10RB/IFNAR1/IFNGR2/IRF3/POU2F2/IFI6",7,"DX_vs_REM"
"GO:0097192","extrinsic apoptotic signaling pathway in absence of ligand","6/370","66/18805",0.0909090909090909,4.62039312039312,4.17406209439915,0.00187395381922141,0.182226234233462,0.171074609955947,"BCL2L10/PPP1CA/PRDX2/INHBA/BCL2/IFI6",6,"DX_vs_REM"
"GO:1903900","regulation of viral life cycle","8/370","115/18805",0.0695652173913043,3.53560517038778,3.8639394350082,0.00198111270027705,0.182226234233462,0.171074609955947,"RAD23A/BST2/ISG15/P4HB/CLEC4G/ADARB1/BSG/BCL2",8,"DX_vs_REM"
"GO:0030217","T cell differentiation","15/370","324/18805",0.0462962962962963,2.35297797797798,3.48020568152899,0.00200330600663817,0.182226234233462,0.171074609955947,"KAT2A/STAT5A/TNFSF9/GPR18/GPR183/PRDX2/CD27/IL4R/CLEC4G/CD3E/CD3D/CD3G/SMARCC2/BCL2/FOSL2",15,"DX_vs_REM"
"GO:0009615","response to virus","18/370","425/18805",0.0423529411764706,2.15255961844197,3.40478366911224,0.00200682618966381,0.182226234233462,0.171074609955947,"IFIT3/IFIT1B/BST2/ISG15/ENO1/IFNAR2/IL10RB/IFNAR1/IFNGR2/NT5C3A/IRAK3/IRF3/POU2F2/ADARB1/AZU1/BCL2/IFI6/TRIM8",18,"DX_vs_REM"
"GO:2001239","regulation of extrinsic apoptotic signaling pathway in absence of ligand","5/370","46/18805",0.108695652173913,5.5243830787309,4.35249074088811,0.00202870702633759,0.182226234233462,0.171074609955947,"PPP1CA/PRDX2/INHBA/BCL2/IFI6",5,"DX_vs_REM"
"GO:0043467","regulation of generation of precursor metabolites and energy","9/370","143/18805",0.0629370629370629,3.1987336987337,3.73909045108688,0.00211862307410312,0.182226234233462,0.171074609955947,"FLCN/CHCHD2/PPP1CA/IL10RB/IFNAR1/ZBTB7A/IDE/CBFA2T3/SLC4A1",9,"DX_vs_REM"
"GO:0046631","alpha-beta T cell activation","11/370","201/18805",0.054726368159204,2.78143068441576,3.59722997959184,0.00217973790613377,0.182226234233462,0.171074609955947,"STAT5A/CEBPB/GPR18/GPR183/IL4R/CLEC4G/CD3E/CD3D/CD3G/BCL2/FOSL2",11,"DX_vs_REM"
"GO:0038034","signal transduction in absence of ligand","6/370","68/18805",0.0882352941176471,4.48449920508744,4.07801867304902,0.00218468160884461,0.182226234233462,0.171074609955947,"BCL2L10/PPP1CA/PRDX2/INHBA/BCL2/IFI6",6,"DX_vs_REM"
"GO:0031623","receptor internalization","9/370","144/18805",0.0625,3.17652027027027,3.71433369507188,0.00222168215604008,0.182226234233462,0.171074609955947,"GRK2/ANKRD13D/SYT17/ACHE/HGS/ARRB2/ITGB2/GRK4/CD9",9,"DX_vs_REM"
"GO:0071103","DNA conformation change","3/370","14/18805",0.214285714285714,10.8909266409266,5.24481851094058,0.00234052783429729,0.187889606783057,0.176391403413446,"HMGB3/HHEX/TOP1MT",3,"DX_vs_REM"
"GO:1902106","negative regulation of leukocyte differentiation","8/370","120/18805",0.0666666666666667,3.38828828828829,3.71822128957033,0.00258671979001188,0.203326953494059,0.190884037135745,"HMGB3/STAT5A/PRDX2/INHBA/GPR68/IL4R/CLEC4G/HOXA7",8,"DX_vs_REM"
"GO:0034341","response to type II interferon","8/370","121/18805",0.0661157024793388,3.36028590574045,3.69000352650525,0.00272355487336181,0.209285764818218,0.196478189522035,"RAB20/BST2/IFNGR2/ACTG1/GAPDH/RPL13A/CXCL16/IRF8",8,"DX_vs_REM"
"GO:0045059","positive thymic T cell selection","3/370","15/18805",0.2,10.1648648648649,5.03051811809157,0.00288328471312001,0.209285764818218,0.196478189522035,"CD3E/CD3D/CD3G",3,"DX_vs_REM"
"GO:0010563","negative regulation of phosphorus metabolic process","13/370","271/18805",0.047970479704797,2.43806721851002,3.37818683284762,0.00288440492195795,0.209285764818218,0.196478189522035,"FLCN/APOE/APOC1/PTPN1/TFAP4/INHBA/IRAK3/HHEX/CBFA2T3/CDKN2D/ADARB1/SLC4A1/SLC27A1",13,"DX_vs_REM"
"GO:0045936","negative regulation of phosphate metabolic process","13/370","271/18805",0.047970479704797,2.43806721851002,3.37818683284762,0.00288440492195795,0.209285764818218,0.196478189522035,"FLCN/APOE/APOC1/PTPN1/TFAP4/INHBA/IRAK3/HHEX/CBFA2T3/CDKN2D/ADARB1/SLC4A1/SLC27A1",13,"DX_vs_REM"
"GO:0048538","thymus development","5/370","50/18805",0.1,5.08243243243243,4.09496209233673,0.00294146842632575,0.209399252311832,0.196584731967948,"PRDX2/EPHB3/MAP2K2/BCL2/HOXA3",5,"DX_vs_REM"
"GO:0002446","neutrophil mediated immunity","6/241","39/18805",0.153846153846154,12.0044685604852,7.83814663921192,9.53243903735112e-06,0.0300939100409175,0.0283263951604655,"PRAM1/STXBP2/ITGB2/AZU1/ELANE/TUSC2",6,"REM_vs_REL"
"GO:0043368","positive T cell selection","6/241","51/18805",0.117647058823529,9.17988772272395,6.66474193000192,4.62813800781223e-05,0.0730551584533161,0.0687643873476523,"STAT5A/BATF/CD3E/CD3D/CD3G/BCL2",6,"REM_vs_REL"
"GO:0045058","T cell selection","6/241","64/18805",0.09375,7.31522302904564,5.76607334136462,0.000167724855913178,0.140236204030199,0.131999667898322,"STAT5A/BATF/CD3E/CD3D/CD3G/BCL2",6,"REM_vs_REL"
"GO:0030099","myeloid cell differentiation","16/241","455/18805",0.0351648351648352,2.74387852811089,4.29043925061565,0.000272652494556209,0.140236204030199,0.131999667898322,"STAT5A/GPR68/DNASE2/KLF1/FOS/BATF/DMTN/IRF8/CBFA2T3/PRTN3/CSF3R/TPM4/FOSL2/HOXA5/HOXA7/HOXA9",16,"REM_vs_REL"
"GO:0033632","regulation of cell-cell adhesion mediated by integrin","3/241","11/18805",0.272727272727273,21.2806488117691,7.66595805565811,0.00031789765084785,0.140236204030199,0.131999667898322,"FERMT3/CD3E/PIEZO1",3,"REM_vs_REL"
"GO:0043312","neutrophil degranulation","3/241","12/18805",0.25,19.5072614107884,7.30689031513629,0.000419858885804765,0.140236204030199,0.131999667898322,"PRAM1/STXBP2/ITGB2",3,"REM_vs_REL"
"GO:0070944","neutrophil-mediated killing of bacterium","3/241","12/18805",0.25,19.5072614107884,7.30689031513629,0.000419858885804765,0.140236204030199,0.131999667898322,"AZU1/ELANE/TUSC2",3,"REM_vs_REL"
"GO:0050851","antigen receptor-mediated signaling pathway","10/241","213/18805",0.0469483568075117,3.66333547620439,4.45400277271673,0.000438959974334906,0.140236204030199,0.131999667898322,"PRAM1/SPPL3/CD3E/CD3D/CD3G/BCL2/LAX1/THEMIS2/FOSL2/CMTM3",10,"REM_vs_REL"
"GO:0072659","protein localization to plasma membrane","12/241","295/18805",0.0406779661016949,3.1740628736198,4.2882269408735,0.000444937757259345,0.140236204030199,0.131999667898322,"RHOG/PRAM1/LAMA5/VAMP8/VAMP5/TMEM150A/EHD1/BSG/PALM/RAB8A/ATP2B4/TSPAN33",12,"REM_vs_REL"
"GO:0042832","defense response to protozoan","4/241","29/18805",0.137931034482759,10.7626269852626,5.99462498203322,0.000485733140031137,0.140236204030199,0.131999667898322,"CCDC88B/BATF/IRF8/GBP2",4,"REM_vs_REL"
"GO:0050792","regulation of viral process","8/241","142/18805",0.0563380281690141,4.39600257144527,4.62827672176813,0.000497675258754122,0.140236204030199,0.131999667898322,"P4HB/RAD23A/CLEC4G/DYNLT1/ADARB1/BSG/BCL2/BST2",8,"REM_vs_REL"
"GO:0044403","biological process involved in symbiotic interaction","10/241","220/18805",0.0454545454545455,3.54677480196152,4.3293078076025,0.000565155488815572,0.140236204030199,0.131999667898322,"P4HB/CLEC4G/DYNLT1/SLAMF1/VAMP8/BSG/AZU1/ELANE/BST2/TUSC2",10,"REM_vs_REL"
"GO:0070943","neutrophil-mediated killing of symbiont cell","3/241","14/18805",0.214285714285714,16.7205097806758,6.70430184863982,0.000681623010905159,0.140236204030199,0.131999667898322,"AZU1/ELANE/TUSC2",3,"REM_vs_REL"
"GO:1903900","regulation of viral life cycle","7/241","115/18805",0.0608695652173913,4.74959408262674,4.59543245706976,0.000705240732994164,0.140236204030199,0.131999667898322,"P4HB/RAD23A/CLEC4G/ADARB1/BSG/BCL2/BST2",7,"REM_vs_REL"
"GO:0001562","response to protozoan","4/241","32/18805",0.125,9.75363070539419,5.64669372773035,0.000713617448206326,0.140236204030199,0.131999667898322,"CCDC88B/BATF/IRF8/GBP2",4,"REM_vs_REL"
"GO:0002444","myeloid leukocyte mediated immunity","7/241","116/18805",0.0603448275862069,4.70864930605237,4.56509261926018,0.000742488073193478,0.140236204030199,0.131999667898322,"PRAM1/STXBP2/ITGB2/VAMP8/AZU1/ELANE/TUSC2",7,"REM_vs_REL"
"GO:1990778","protein localization to cell periphery","13/241","362/18805",0.0359116022099447,2.80214804795855,3.94481672271945,0.000836937114276715,0.140236204030199,0.131999667898322,"RHOG/PRAM1/LAMA5/VAMP8/VAMP5/TMEM150A/EHD1/BSG/PALM/RAB8A/ATP2B4/EPB41/TSPAN33",13,"REM_vs_REL"
"GO:0045059","positive thymic T cell selection","3/241","15/18805",0.2,15.6058091286307,6.4477133726615,0.000843993625775666,0.140236204030199,0.131999667898322,"CD3E/CD3D/CD3G",3,"REM_vs_REL"
"GO:0051481","negative regulation of cytosolic calcium ion concentration","3/241","15/18805",0.2,15.6058091286307,6.4477133726615,0.000843993625775666,0.140236204030199,0.131999667898322,"ATP2B1/SMAD3/BCL2",3,"REM_vs_REL"
"GO:0070942","neutrophil mediated cytotoxicity","3/241","16/18805",0.1875,14.6304460580913,6.21464161968033,0.00102897129272685,0.152181412536007,0.143243294796575,"AZU1/ELANE/TUSC2",3,"REM_vs_REL"
"GO:0006909","phagocytosis","10/241","238/18805",0.0420168067226891,3.27853132954427,4.03060720558709,0.00103294114712755,0.152181412536007,0.143243294796575,"CDC42SE1/IRF8/CYBA/SLAMF1/ITGB2/AZU1/PRTN3/ELANE/XKR8/TUSC2",10,"REM_vs_REL"
"GO:0002768","immune response-regulating cell surface receptor signaling pathway","13/241","372/18805",0.0349462365591398,2.72682148752956,3.83282301072303,0.00107252869608028,0.152181412536007,0.143243294796575,"PRAM1/SPPL3/IRF3/CYBA/CD3E/CD3D/CD3G/PRKCQ/BCL2/LAX1/THEMIS2/FOSL2/CMTM3",13,"REM_vs_REL"
"GO:0046631","alpha-beta T cell activation","9/241","201/18805",0.0447761194029851,3.49383786461881,4.0500551830175,0.00117670424546898,0.152181412536007,0.143243294796575,"STAT5A/BATF/CLEC4G/CD3E/CD3D/CD3G/PRKCQ/BCL2/FOSL2",9,"REM_vs_REL"
"GO:0002520","immune system development","9/241","202/18805",0.0445544554455446,3.47654163756625,4.03206652061985,0.00121812821436296,0.152181412536007,0.143243294796575,"IRAK3/PRDX2/BATF/CD3E/SMAD3/BCL2/XKR8/NSD2/HOXA3",9,"REM_vs_REL"
"GO:0070254","mucus secretion","3/241","17/18805",0.176470588235294,13.7698315840859,6.00160235442728,0.00123769650122187,0.152181412536007,0.143243294796575,"CYBA/VAMP8/FOSL2",3,"REM_vs_REL"
"GO:0033619","membrane protein proteolysis","5/241","64/18805",0.078125,6.09601919087137,4.65288720104101,0.00136676357013146,0.152181412536007,0.143243294796575,"APOE/SPPL3/CLPP/PRTN3/PRKCQ",5,"REM_vs_REL"
"GO:0048524","positive regulation of viral process","5/241","64/18805",0.078125,6.09601919087137,4.65288720104101,0.00136676357013146,0.152181412536007,0.143243294796575,"P4HB/RAD23A/CLEC4G/ADARB1/BSG",5,"REM_vs_REL"
"GO:0030098","lymphocyte differentiation","14/241","432/18805",0.0324074074074074,2.52871907176886,3.66249788256874,0.00142795273667607,0.152181412536007,0.143243294796575,"KAT2A/STAT5A/PRDX2/BATF/FLT3LG/CLEC4G/IRF8/SLAMF1/CD3E/CD3D/CD3G/BCL2/FOSL2/TUSC2",14,"REM_vs_REL"
"GO:0045428","regulation of nitric oxide biosynthetic process","5/241","65/18805",0.0769230769230769,6.00223428024258,4.60292369912027,0.00146542520063236,0.152181412536007,0.143243294796575,"APOE/NOSIP/ITGB2/SMAD3/ATP2B4",5,"REM_vs_REL"
"GO:0033631","cell-cell adhesion mediated by integrin","3/241","18/18805",0.166666666666667,13.0048409405256,5.80579648003521,0.00147125513616227,0.152181412536007,0.143243294796575,"FERMT3/CD3E/PIEZO1",3,"REM_vs_REL"
"GO:0002429","immune response-activating cell surface receptor signaling pathway","12/241","340/18805",0.0352941176470588,2.75396631681718,3.71863809562095,0.00152377268540575,0.152181412536007,0.143243294796575,"PRAM1/SPPL3/IRF3/CYBA/CD3E/CD3D/CD3G/BCL2/LAX1/THEMIS2/FOSL2/CMTM3",12,"REM_vs_REL"
"GO:0019058","viral life cycle","11/241","295/18805",0.0372881355932203,2.90955763415149,3.76650399180271,0.00154254203394116,0.152181412536007,0.143243294796575,"APOE/P4HB/RAD23A/CLEC4G/DYNLT1/SLAMF1/ADARB1/VAMP8/BSG/BCL2/BST2",11,"REM_vs_REL"
"GO:0080164","regulation of nitric oxide metabolic process","5/241","67/18805",0.0746268656716418,5.82306310769802,4.50605606763841,0.00167834531993843,0.16056170227411,0.151131382398283,"APOE/NOSIP/ITGB2/SMAD3/ATP2B4",5,"REM_vs_REL"
"GO:0002283","neutrophil activation involved in immune response","3/241","19/18805",0.157894736842105,12.3203756278663,5.62494579635784,0.00173067995169686,0.160698723750206,0.151260356149853,"PRAM1/STXBP2/ITGB2",3,"REM_vs_REL"
"GO:0002523","leukocyte migration involved in inflammatory response","3/241","21/18805",0.142857142857143,11.1470065204505,5.30092194904565,0.0023310021077311,0.204415934836307,0.192409910822365,"SLAMF1/ITGB2/ELANE",3,"REM_vs_REL"
"GO:0098760","response to interleukin-7","3/241","21/18805",0.142857142857143,11.1470065204505,5.30092194904565,0.0023310021077311,0.204415934836307,0.192409910822365,"STAT5A/P4HB/FOSL2",3,"REM_vs_REL"
"GO:0015671","oxygen transport","8/567","15/18805",0.533333333333333,17.6884185773075,11.4005412063304,3.47344472237163e-09,1.46081578068394e-05,1.38257562291564e-05,"HBM/HBQ1/IPCEF1/BPGM/CYGB/HBZ/HBA2/HBA1",8,"DX_vs_REL"
"GO:0015669","gas transport","9/567","22/18805",0.409090909090909,13.5678210678211,10.39960621917,6.77558339834851e-09,1.46081578068394e-05,1.38257562291564e-05,"HBM/HBQ1/IPCEF1/BPGM/CYGB/HBZ/HBA2/HBA1/RHAG",9,"DX_vs_REL"
"GO:0030099","myeloid cell differentiation","33/567","455/18805",0.0725274725274725,2.40543054828769,5.35087860323465,3.33900599540428e-06,0.00479926461739441,0.00454221973480083,"STAT5A/JAG1/CEBPB/FAXDC2/ZNF385A/RASSF2/ZBTB46/TFE3/ZBTB7A/IRF8/NCOA6/LTBR/BATF/FOS/MEIS1/MEF2C/ARNT/GPR183/KAT8/CBFA2T3/FSTL3/PRTN3/SH3PXD2A/BPGM/CHMP5/CSF3R/INHBA/TPM4/FOSL2/RHAG/HOXA5/HOXA7/HOXA9",33,"DX_vs_REL"
"GO:1903706","regulation of hemopoiesis","31/567","436/18805",0.0711009174311927,2.35811772891284,5.05901481391833,9.83696757695144e-06,0.0106042510479537,0.0100362956041686,"KAT2A/STAT5A/TNFSF9/JAG1/CEBPB/FAXDC2/RASSF2/ZBTB46/SMARCD3/TFE3/SMARCC1/CD27/BATF/FOS/MEIS1/MEF2C/IL4R/IKZF3/ARNT/ACTB/FSTL3/RASGRP1/METTL3/FGL2/CSF3R/INHBA/LAG3/HOXA5/HOXA7/HOXA9/IL12RB1",31,"DX_vs_REL"
"GO:0042832","defense response to protozoan","7/567","29/18805",0.241379310344828,8.00553426990209,6.65681929134572,1.91224389828805e-05,0.016077002895892,0.0152159311169255,"CCDC88B/IRF8/BATF/IL4R/BPGM/GBP2/CLEC7A",7,"DX_vs_REL"
"GO:0007159","leukocyte cell-cell adhesion","30/567","433/18805",0.069284064665127,2.29786038100126,4.81750029600418,2.23705977215566e-05,0.016077002895892,0.0152159311169255,"FERMT3/CCDC88B/STAT5A/TNFSF9/CD70/CEBPB/ITGA5/SMARCD3/SMARCC1/CD27/TNFAIP8L2/IL4R/AKT1/EZR/ACTB/CD44/PYCARD/ELANE/ITGB2/CD3E/RASGRP1/CD6/CD5/HSPD1/RIPOR2/FGL2/LAG3/LAX1/IL12RB1/OLR1",30,"DX_vs_REL"
"GO:0001562","response to protozoan","7/567","32/18805",0.21875,7.25501543209877,6.24402422896166,3.81247072326789e-05,0.0234848196553302,0.0222269909685859,"CCDC88B/IRF8/BATF/IL4R/BPGM/GBP2/CLEC7A",7,"DX_vs_REL"
"GO:0030098","lymphocyte differentiation","29/567","432/18805",0.0671296296296296,2.22640685217846,4.54689001598386,5.40572065117633e-05,0.0291368343098404,0.0275762881113298,"KAT2A/STAT5A/TNFSF9/SMARCD3/CLCF1/ZBTB7A/IRF8/SMARCC1/CD27/BATF/IL4R/FLT3LG/IKZF3/ACTB/GPR18/GPR183/CD3E/CD3D/CD3G/LYL1/RASGRP1/METTL3/TRAF3IP2/FGL2/INHBA/LAG3/FOSL2/TUSC2/IL12RB1",29,"DX_vs_REL"
"GO:0050863","regulation of T cell activation","27/567","395/18805",0.0683544303797468,2.26702833031947,4.48730949377474,7.17248039607756e-05,0.0343641505198738,0.0325236333281786,"CCDC88B/KAT2A/STAT5A/TNFSF9/CD70/CEBPB/SMARCD3/SMARCC1/CD27/BATF/TNFAIP8L2/IL4R/AKT1/ACTB/PYCARD/CD3E/RASGRP1/LAT/CD6/CD5/METTL3/HSPD1/RIPOR2/FGL2/LAG3/LAX1/IL12RB1",27,"DX_vs_REL"
"GO:0042113","B cell activation","21/567","287/18805",0.0731707317073171,2.42676474383791,4.29461585035642,0.000177519226234518,0.0697043127527976,0.0659710039406788,"CD70/CLCF1/ZBTB7A/IRF8/CD27/BATF/MEF2C/FLT3LG/IKZF3/SAMSN1/GPR183/LYL1/RASGRP1/HSPD1/NSD2/TRAF3IP2/INHBA/BST2/LAX1/THEMIS2/FOSL2",21,"DX_vs_REL"
"GO:1903037","regulation of leukocyte cell-cell adhesion","26/567","395/18805",0.0658227848101266,2.18306431808542,4.18994241821907,0.000177817124369382,0.0697043127527976,0.0659710039406788,"CCDC88B/STAT5A/TNFSF9/CD70/CEBPB/SMARCD3/SMARCC1/CD27/TNFAIP8L2/IL4R/AKT1/ACTB/CD44/PYCARD/ELANE/ITGB2/CD3E/RASGRP1/CD6/CD5/HSPD1/RIPOR2/FGL2/LAG3/LAX1/IL12RB1",26,"DX_vs_REL"
"GO:0060216","definitive hemopoiesis","5/567","20/18805",0.25,8.29144620811288,5.75242704344495,0.000260628732809145,0.0930782283763458,0.0880930308112227,"MEIS1/LYL1/HOXB3/HOXB4/HOXA9",5,"DX_vs_REL"
"GO:1902105","regulation of leukocyte differentiation","23/567","340/18805",0.0676470588235294,2.24356779748937,4.08002021527982,0.000280616180169874,0.0930782283763458,0.0880930308112227,"KAT2A/STAT5A/TNFSF9/CEBPB/RASSF2/ZBTB46/SMARCD3/TFE3/SMARCC1/CD27/BATF/FOS/IL4R/IKZF3/ACTB/FSTL3/RASGRP1/METTL3/FGL2/INHBA/LAG3/HOXA7/IL12RB1",23,"DX_vs_REL"
"GO:0030217","T cell differentiation","22/567","324/18805",0.0679012345679012,2.25199773553683,4.00812594800583,0.000359012084807451,0.110575722120695,0.104653372390864,"KAT2A/STAT5A/TNFSF9/SMARCD3/SMARCC1/CD27/BATF/IL4R/IKZF3/ACTB/GPR18/GPR183/CD3E/CD3D/CD3G/RASGRP1/METTL3/TRAF3IP2/FGL2/LAG3/FOSL2/IL12RB1",22,"DX_vs_REL"
"GO:0050999","regulation of nitric-oxide synthase activity","5/567","23/18805",0.217391304347826,7.20995322444598,5.25423355773137,0.000524884051287711,0.14814240201874,0.140208010112942,"SCARB1/NPR3/NOSIP/AKT1/ATP2B4",5,"DX_vs_REL"
"GO:0097028","dendritic cell differentiation","7/567","48/18805",0.145833333333333,4.83667695473251,4.69269369964217,0.000549693513984192,0.14814240201874,0.140208010112942,"CEBPB/ZBTB46/IRF8/LTBR/BATF/FLT3LG/PRTN3",7,"DX_vs_REL"
"GO:0015671","oxygen transport","11/805","15/18805",0.733333333333333,17.1308488612836,13.2167985468085,9.65518538095627e-13,4.72331668836381e-09,4.46577732251809e-09,"HBB/HBD/HBG1/HBM/HBQ1/IPCEF1/BPGM/CYGB/HBZ/HBA2/HBA1",11,"ALL"
"GO:0015669","gas transport","12/805","22/18805",0.545454545454545,12.7419536984754,11.6534906903992,1.52158310137706e-11,3.72179226596828e-08,3.51886113023726e-08,"HBB/HBD/HBG1/HBM/HBQ1/IPCEF1/BPGM/CYGB/HBZ/HBA2/HBA1/RHAG",12,"ALL"
"GO:0030099","myeloid cell differentiation","44/805","455/18805",0.0967032967032967,2.25901303665279,5.74916403402464,4.19591200297459e-07,0.000684213383951723,0.000646906573370889,"FASN/PURB/HMGB3/STAT5A/JAG1/CEBPB/FAXDC2/GPR183/KLF1/ISG15/INHBA/HSF1/ZNF385A/RASSF2/ZBTB46/TFE3/ZBTB7A/IRF8/NCOA6/LTBR/GPR68/DNASE2/BATF/FOS/MEIS1/MEF2C/DMTN/ARNT/KAT8/CBFA2T3/FSTL3/PRTN3/SH3PXD2A/BPGM/CHMP5/ABI1/CSF3R/TPM4/SLC4A1/FOSL2/RHAG/HOXA5/HOXA7/HOXA9",44,"ALL"
"GO:0015670","carbon dioxide transport","7/805","15/18805",0.466666666666667,10.9014492753623,8.11274481084516,1.22204709196281e-06,0.00149456359347051,0.00141307234791699,"HBB/HBD/HBG1/HBZ/HBA2/HBA1/RHAG",7,"ALL"
"GO:0042744","hydrogen peroxide catabolic process","9/805","31/18805",0.290322580645161,6.78200761370467,6.81346310033766,3.97847611535411e-06,0.00389254103126246,0.0036802998001823,"HBB/HBD/HBG1/HBM/HBQ1/PRDX2/HBZ/HBA2/HBA1",9,"ALL"
"GO:1903706","regulation of hemopoiesis","39/805","436/18805",0.0894495412844037,2.08956350789219,4.86787979782079,1.21618762658063e-05,0.00991598311538743,0.00937531303718474,"PURB/HMGB3/KAT2A/STAT5A/TNFSF9/JAG1/CEBPB/FAXDC2/PRDX2/ISG15/INHBA/HSF1/RASSF2/ZBTB46/SMARCD3/TFE3/SMARCC1/GPR68/CD27/BATF/FOS/MEIS1/MEF2C/IL4R/CLEC4G/IKZF3/ARNT/ACTB/FSTL3/RASGRP1/METTL3/FGL2/SMARCC2/CSF3R/LAG3/HOXA5/HOXA7/HOXA9/IL12RB1",39,"ALL"
"GO:0019058","viral life cycle","28/805","295/18805",0.0949152542372881,2.21724392041267,4.45627744207109,7.28858540568568e-05,0.0449228631599199,0.042473439068014,"ATG16L2/LDLR/APOE/GRK2/MYH10/RAD23A/MVB12A/BST2/ISG15/TNFRSF4/ITGA5/P4HB/SMC6/SCARB1/JPT2/IDE/CLEC4G/PCBP1/DYNLT1/ANPEP/CTBP2/DDX6/SLAMF1/ADARB1/VAMP8/BSG/CHMP5/BCL2",28,"ALL"
"GO:0098869","cellular oxidant detoxification","14/805","99/18805",0.141414141414141,3.30346947738252,4.85955389564036,8.02387986386928e-05,0.0449228631599199,0.042473439068014,"HBB/HBD/HBG1/HBM/HBQ1/APOE/PRDX2/IPCEF1/ALOX5AP/GPX7/CYGB/HBZ/HBA2/HBA1",14,"ALL"
"GO:0019755","one-carbon compound transport","7/805","26/18805",0.269230769230769,6.28929765886288,5.70735990360935,8.26463140718069e-05,0.0449228631599199,0.042473439068014,"HBB/HBD/HBG1/HBZ/HBA2/HBA1/RHAG",7,"ALL"
"GO:0042743","hydrogen peroxide metabolic process","10/805","55/18805",0.181818181818182,4.24731789949181,5.10026009367667,9.93277770508623e-05,0.048059813661116,0.0454393469955122,"HBB/HBD/HBG1/HBM/HBQ1/PRDX2/CYBA/HBZ/HBA2/HBA1",10,"ALL"
"GO:0030098","lymphocyte differentiation","36/805","432/18805",0.0833333333333333,1.94668737060041,4.20964262438943,0.000112574552859305,0.048059813661116,0.0454393469955122,"HMGB3/KAT2A/STAT5A/TNFSF9/GPR18/GPR183/PRDX2/INHBA/SMARCD3/CLCF1/ZBTB7A/IRF8/SMARCC1/HHEX/CD27/BATF/IL4R/FLT3LG/CLEC4G/IKZF3/ACTB/SLAMF1/CD3E/CD3D/CD3G/LYL1/RASGRP1/METTL3/TRAF3IP2/FGL2/SMARCC2/LAG3/BCL2/FOSL2/TUSC2/IL12RB1",36,"ALL"
"GO:0007159","leukocyte cell-cell adhesion","36/805","433/18805",0.0831408775981524,1.9421915568115,4.19461153498884,0.000117889976274201,0.048059813661116,0.0454393469955122,"FERMT3/CCDC88B/STAT5A/TNFSF9/CD70/CEBPB/PRDX2/ITGA5/SMARCD3/SMARCC1/CD27/TNFAIP8L2/IL4R/CLEC4G/AKT1/EZR/ACTB/CD44/PYCARD/ELANE/SLAMF1/ITGB2/CD3E/RASGRP1/CD6/CD5/HSPD1/RIPOR2/FGL2/SMARCC2/PRKCQ/LAG3/LAX1/STK10/IL12RB1/OLR1",36,"ALL"
"GO:0031623","receptor internalization","17/805","144/18805",0.118055555555556,2.75780710835059,4.47787344104842,0.000146234458680164,0.0550291516817972,0.052028681088311,"SYT17/RNF220/GRK2/ANKRD13D/ACHE/HGS/RALB/ARRB2/SDCBP/EZR/ITGB2/AP2B1/PICALM/ADM/ARF1/GRK4/CD9",17,"ALL"
"GO:0042832","defense response to protozoan","7/805","29/18805",0.241379310344828,5.63868065967016,5.28662791685704,0.000175292743686665,0.0612522930082261,0.0579125049443012,"CCDC88B/IRF8/BATF/IL4R/BPGM/GBP2/CLEC7A",7,"ALL"
"GO:0006337","nucleosome disassembly","6/805","21/18805",0.285714285714286,6.67435669920142,5.50198053044116,0.000188559940124357,0.0613684325297477,0.0580223119455419,"SSRP1/SMARCD3/SMARCC1/NFE2/SUPT16H/SMARCC2",6,"ALL"
"GO:0044403","biological process involved in symbiotic interaction","22/805","220/18805",0.1,2.3360248447205,4.2153282685019,0.00020071441546933,0.0613684325297477,0.0580223119455419,"LDLR/GRK2/MYH10/BST2/TNFRSF4/ITGA5/P4HB/SCARB1/JPT2/IDE/GAPDH/CLEC4G/DYNLT1/ANPEP/AZU1/ELANE/SLAMF1/VAMP8/BSG/HSPD1/CHMP5/TUSC2",22,"ALL"
"GO:0042113","B cell activation","26/805","287/18805",0.0905923344947735,2.11625944121021,4.02991478213106,0.000273550413525011,0.0787181542920208,0.0744260382061238,"RNF8/HMGB3/CD70/GPR183/BST2/TNFRSF4/INHBA/CLCF1/ZBTB7A/IRF8/HHEX/CD27/BATF/MEF2C/FLT3LG/IKZF3/SAMSN1/LYL1/RASGRP1/HSPD1/NSD2/TRAF3IP2/BCL2/LAX1/THEMIS2/FOSL2",26,"ALL"
"GO:0032986","protein-DNA complex disassembly","6/805","23/18805",0.260869565217391,6.0939778557926,5.16936099407565,0.000325983783855633,0.0845964631876889,0.0799838316578527,"SSRP1/SMARCD3/SMARCC1/NFE2/SUPT16H/SMARCC2",6,"ALL"
"GO:0001562","response to protozoan","7/805","32/18805",0.21875,5.11005434782609,4.92087714597367,0.000337994620830649,0.0845964631876889,0.0799838316578527,"CCDC88B/IRF8/BATF/IL4R/BPGM/GBP2/CLEC7A",7,"ALL"
"GO:1902105","regulation of leukocyte differentiation","29/805","340/18805",0.0852941176470588,1.99249177932042,3.90551697404297,0.000345856349908785,0.0845964631876889,0.0799838316578527,"HMGB3/KAT2A/STAT5A/TNFSF9/CEBPB/PRDX2/INHBA/HSF1/RASSF2/ZBTB46/SMARCD3/TFE3/SMARCC1/GPR68/CD27/BATF/FOS/IL4R/CLEC4G/IKZF3/ACTB/FSTL3/RASGRP1/METTL3/FGL2/SMARCC2/LAG3/HOXA7/IL12RB1",29,"ALL"
"GO:0072659","protein localization to plasma membrane","26/805","295/18805",0.088135593220339,2.05886935466891,3.87647499419157,0.000418348752235663,0.0969608637180924,0.0916740618791793,"PACS1/RHOG/PRAM1/SIRT6/ITGB1BP1/TNFRSF1A/IFT20/RAB34/LAMA5/RAB10/AKT1/EZR/ACTB/PALM/VAMP8/VAMP5/TMEM150A/EHD1/BSG/DCHS1/APPL1/PICALM/RAB8A/SLC4A1/ATP2B4/TSPAN33",26,"ALL"
"GO:0050863","regulation of T cell activation","32/805","395/18805",0.0810126582278481,1.89247582357104,3.79100993627667,0.000436046402656998,0.0969608637180924,0.0916740618791793,"CCDC88B/KAT2A/STAT5A/TNFSF9/CD70/CEBPB/PRDX2/SMARCD3/SMARCC1/CD27/BATF/TNFAIP8L2/IL4R/CLEC4G/AKT1/ACTB/PYCARD/SLAMF1/CD3E/RASGRP1/LAT/CD6/CD5/METTL3/HSPD1/RIPOR2/FGL2/SMARCC2/PRKCQ/LAG3/LAX1/IL12RB1",32,"ALL"
"GO:2000779","regulation of double-strand break repair","16/805","145/18805",0.110344827586207,2.57768258727779,4.03305943840661,0.000489156445876738,0.0999061710954647,0.0944587760454172,"RNF8/OTUB1/RNF126/MAGEF1/HSF1/SMARCD3/FIGNL1/PIAS4/SIRT6/SMARCC1/BCL7C/ACTB/RECQL5/NSD2/SMARCC2/RUVBL2",16,"ALL"
"GO:0046718","symbiont entry into host cell","15/805","131/18805",0.114503816793893,2.67483760845858,4.06795822038008,0.000490136571196065,0.0999061710954647,0.0944587760454172,"LDLR/GRK2/MYH10/TNFRSF4/ITGA5/P4HB/SCARB1/JPT2/IDE/CLEC4G/DYNLT1/ANPEP/SLAMF1/VAMP8/BSG",15,"ALL"
"GO:0045637","regulation of myeloid cell differentiation","21/805","220/18805",0.0954545454545455,2.2298418972332,3.88030756739384,0.000518724570641758,0.101504023983179,0.0959695058273635,"PURB/HMGB3/JAG1/CEBPB/FAXDC2/ISG15/INHBA/HSF1/RASSF2/ZBTB46/TFE3/GPR68/FOS/MEIS1/MEF2C/ARNT/FSTL3/CSF3R/HOXA5/HOXA7/HOXA9",21,"ALL"
"GO:0016032","viral process","33/805","421/18805",0.0783847980997625,1.83108835809445,3.64716196308659,0.000637313869171684,0.119913055691841,0.113374783042121,"ATG16L2/LDLR/APOE/EIF3B/GRK2/TFAP4/MYH10/RAD23A/MVB12A/BST2/ISG15/TNFRSF4/ITGA5/P4HB/SMC6/SCARB1/JPT2/IDE/CLEC4G/PCBP1/DYNLT1/ANPEP/CTBP2/DDX6/SLAMF1/ADARB1/VAMP8/EIF3F/BSG/PTBP1/CHMP5/BCL2/TRIM8",33,"ALL"
"GO:0044409","symbiont entry into host","15/805","136/18805",0.110294117647059,2.57649799050055,3.90201699611125,0.000728696728128467,0.126279121559811,0.119393738463186,"LDLR/GRK2/MYH10/TNFRSF4/ITGA5/P4HB/SCARB1/JPT2/IDE/CLEC4G/DYNLT1/ANPEP/SLAMF1/VAMP8/BSG",15,"ALL"
"GO:0006302","double-strand break repair","27/805","323/18805",0.0835913312693498,1.95271426648463,3.65238252104409,0.000742282061048827,0.126279121559811,0.119393738463186,"RNF8/OTUB1/RNF126/CDC45/DMC1/MAGEF1/HSF1/TONSL/RECQL4/SMARCD3/FIGNL1/ZBTB7A/SMC6/GEN1/EME2/PIAS4/SIRT6/SMARCC1/BCL7C/ACTB/BABAM1/RECQL5/NSD2/REV3L/SMARCC2/NABP2/RUVBL2",27,"ALL"
"GO:0046434","organophosphate catabolic process","22/805","242/18805",0.0909090909090909,2.12365894974591,3.7205309766265,0.00074858841480673,0.126279121559811,0.119393738463186,"LDLR/FLCN/NT5M/APOC1/ENO1/SMUG1/ZBTB7A/SCARB1/SIRT6/GAPDH/PLD2/PNPLA6/PGAM1/ARNT/CBFA2T3/JMJD8/BPGM/SLC4A1/SMPDL3B/ITPA/PLB1/OGDH",22,"ALL"
"GO:0033173","calcineurin-NFAT signaling cascade","8/805","47/18805",0.170212765957447,3.97621250165191,4.32022542759972,0.000777367341104311,0.12676270108941,0.119850950765345,"PPP3CC/NFATC1/MAPK7/SPPL3/HOMER3/PTBP1/ATP2B4/CLEC7A",8,"ALL"
"GO:0051054","positive regulation of DNA metabolic process","25/805","293/18805",0.0853242320819113,1.99319526000042,3.62350267687967,0.000857032335374382,0.133390924893451,0.126117769931967,"RNF8/KCTD13/RNF126/CCT6A/AURKB/NFATC1/HSF1/SMARCD3/CLCF1/PIAS4/SIRT6/SMARCC1/BCL7C/CCT5/AKT1/ACTB/ENDOG/STN1/BABAM1/NSD2/SMARCC2/NABP2/CDT1/RUVBL2/PRKCQ",25,"ALL"
"GO:0006096","glycolytic process","12/805","97/18805",0.123711340206186,2.88992764295319,3.94642789885966,0.000880968587680092,0.133390924893451,0.126117769931967,"FLCN/ENO1/ZBTB7A/SIRT6/GAPDH/PGAM1/ARNT/CBFA2T3/JMJD8/BPGM/SLC4A1/OGDH",12,"ALL"
"GO:1903037","regulation of leukocyte cell-cell adhesion","31/805","395/18805",0.0784810126582278,1.83333595408444,3.53979883684688,0.000899816132764492,0.133390924893451,0.126117769931967,"CCDC88B/STAT5A/TNFSF9/CD70/CEBPB/PRDX2/SMARCD3/SMARCC1/CD27/TNFAIP8L2/IL4R/CLEC4G/AKT1/ACTB/CD44/PYCARD/ELANE/SLAMF1/ITGB2/CD3E/RASGRP1/CD6/CD5/HSPD1/RIPOR2/FGL2/SMARCC2/PRKCQ/LAG3/LAX1/IL12RB1",31,"ALL"
"GO:1990748","cellular detoxification","14/805","125/18805",0.112,2.61634782608696,3.83431865825441,0.000929862805955606,0.133790848433377,0.126495887596561,"HBB/HBD/HBG1/HBM/HBQ1/APOE/PRDX2/IPCEF1/ALOX5AP/GPX7/CYGB/HBZ/HBA2/HBA1",14,"ALL"
"GO:0006898","receptor-mediated endocytosis","24/805","280/18805",0.0857142857142857,2.00230700976043,3.57344814126518,0.0010119336776225,0.141439415740836,0.133727415924007,"LDLR/SYT17/APOE/APOC1/RNF220/GRK2/ANKRD13D/TFR2/ACHE/HGS/DNAJC6/RALB/ARRB2/CXCL16/SDCBP/EZR/ITGB2/AP2B1/WASF1/PICALM/ADM/ARF1/GRK4/CD9",24,"ALL"
"GO:0046032","ADP catabolic process","12/805","99/18805",0.121212121212121,2.83154526632788,3.86395088861307,0.0010569751223304,0.143631174956675,0.135799669225724,"FLCN/ENO1/ZBTB7A/SIRT6/GAPDH/PGAM1/ARNT/CBFA2T3/JMJD8/BPGM/SLC4A1/OGDH",12,"ALL"
"GO:0072524","pyridine-containing compound metabolic process","18/805","187/18805",0.0962566844919786,2.24858006443684,3.62875373311382,0.0011482276386806,0.15181431374123,0.14353662146124,"FLCN/PGLS/ENO1/DCXR/ZBTB7A/MDH2/SIRT6/GAPDH/PGAM1/ARNT/NAPRT/PDXK/CBFA2T3/JMJD8/BPGM/TALDO1/SLC4A1/OGDH",18,"ALL"
"GO:0070884","regulation of calcineurin-NFAT signaling cascade","7/805","39/18805",0.17948717948718,4.19286510590858,4.22098517673235,0.00119063118958387,0.153278099459061,0.144920594100597,"PPP3CC/MAPK7/SPPL3/HOMER3/PTBP1/ATP2B4/CLEC7A",7,"ALL"
"GO:0019364","pyridine nucleotide catabolic process","12/805","101/18805",0.118811881188119,2.77547506303425,3.78350947396526,0.00126124017163218,0.15734358269532,0.148764406412884,"FLCN/ENO1/ZBTB7A/SIRT6/GAPDH/PGAM1/ARNT/CBFA2T3/JMJD8/BPGM/SLC4A1/OGDH",12,"ALL"
"GO:0060216","definitive hemopoiesis","5/805","20/18805",0.25,5.84006211180124,4.57980663488812,0.00128653787976549,0.15734358269532,0.148764406412884,"MEIS1/LYL1/HOXB3/HOXB4/HOXA9",5,"ALL"
"GO:0009137","purine nucleoside diphosphate catabolic process","12/805","102/18805",0.117647058823529,2.74826452320058,3.7440220908775,0.00137501220655536,0.158180064714599,0.149555279157367,"FLCN/ENO1/ZBTB7A/SIRT6/GAPDH/PGAM1/ARNT/CBFA2T3/JMJD8/BPGM/SLC4A1/OGDH",12,"ALL"
"GO:0009181","purine ribonucleoside diphosphate catabolic process","12/805","102/18805",0.117647058823529,2.74826452320058,3.7440220908775,0.00137501220655536,0.158180064714599,0.149555279157367,"FLCN/ENO1/ZBTB7A/SIRT6/GAPDH/PGAM1/ARNT/CBFA2T3/JMJD8/BPGM/SLC4A1/OGDH",12,"ALL"
"GO:0106056","regulation of calcineurin-mediated signaling","7/805","40/18805",0.175,4.08804347826087,4.13452789658091,0.00139067109179666,0.158180064714599,0.149555279157367,"PPP3CC/MAPK7/SPPL3/HOMER3/PTBP1/ATP2B4/CLEC7A",7,"ALL"
"GO:0006909","phagocytosis","21/805","238/18805",0.0882352941176471,2.06119839240044,3.48418335860207,0.00142271521820163,0.158180064714599,0.149555279157367,"LDLR/MYO1G/RAB20/CD300LF/SCARB1/IRF8/CYBA/RAB34/CDC42SE1/PLD2/PLD4/PYCARD/AZU1/PRTN3/ELANE/SLAMF1/ITGB2/APPL1/XKR8/TUSC2/CLEC7A",21,"ALL"
"GO:0072526","pyridine-containing compound catabolic process","12/805","104/18805",0.115384615384615,2.6954132823698,3.66645741093788,0.00162805150520373,0.170325569856189,0.161038549285212,"FLCN/ENO1/ZBTB7A/SIRT6/GAPDH/PGAM1/ARNT/CBFA2T3/JMJD8/BPGM/SLC4A1/OGDH",12,"ALL"
"GO:0030217","T cell differentiation","26/805","324/18805",0.0802469135802469,1.87458783835595,3.35814940733064,0.00165463262878813,0.170325569856189,0.161038549285212,"KAT2A/STAT5A/TNFSF9/GPR18/GPR183/PRDX2/SMARCD3/SMARCC1/CD27/BATF/IL4R/CLEC4G/IKZF3/ACTB/CD3E/CD3D/CD3G/RASGRP1/METTL3/TRAF3IP2/FGL2/SMARCC2/LAG3/BCL2/FOSL2/IL12RB1",26,"ALL"
"GO:0045619","regulation of lymphocyte differentiation","20/805","225/18805",0.0888888888888889,2.07646652864044,3.43522939751543,0.00167257182170415,0.170325569856189,0.161038549285212,"HMGB3/KAT2A/STAT5A/TNFSF9/PRDX2/INHBA/SMARCD3/SMARCC1/CD27/BATF/IL4R/CLEC4G/IKZF3/ACTB/RASGRP1/METTL3/FGL2/SMARCC2/LAG3/IL12RB1",20,"ALL"
"GO:0097720","calcineurin-mediated signaling","8/805","53/18805",0.150943396226415,3.52607523731396,3.89445982531094,0.00174870710913535,0.170325569856189,0.161038549285212,"PPP3CC/NFATC1/MAPK7/SPPL3/HOMER3/PTBP1/ATP2B4/CLEC7A",8,"ALL"
"GO:0009191","ribonucleoside diphosphate catabolic process","12/805","105/18805",0.114285714285714,2.66974267968057,3.62835860299981,0.00176825019168621,0.170325569856189,0.161038549285212,"FLCN/ENO1/ZBTB7A/SIRT6/GAPDH/PGAM1/ARNT/CBFA2T3/JMJD8/BPGM/SLC4A1/OGDH",12,"ALL"
"GO:0046031","ADP metabolic process","12/805","105/18805",0.114285714285714,2.66974267968057,3.62835860299981,0.00176825019168621,0.170325569856189,0.161038549285212,"FLCN/ENO1/ZBTB7A/SIRT6/GAPDH/PGAM1/ARNT/CBFA2T3/JMJD8/BPGM/SLC4A1/OGDH",12,"ALL"
"GO:0030878","thyroid gland development","6/805","31/18805",0.193548387096774,4.52133840913645,4.14951188538479,0.00177567540119903,0.170325569856189,0.161038549285212,"MAP2K2/HOXB3/HESX1/SMAD3/HOXA3/HOXA5",6,"ALL"
"GO:0019362","pyridine nucleotide metabolic process","17/805","180/18805",0.0944444444444444,2.20624568668047,3.43882989946758,0.00190834283916624,0.173602570523546,0.164136871128042,"FLCN/PGLS/ENO1/DCXR/ZBTB7A/MDH2/SIRT6/GAPDH/PGAM1/ARNT/NAPRT/CBFA2T3/JMJD8/BPGM/TALDO1/SLC4A1/OGDH",17,"ALL"
"GO:0046496","nicotinamide nucleotide metabolic process","17/805","180/18805",0.0944444444444444,2.20624568668047,3.43882989946758,0.00190834283916624,0.173602570523546,0.164136871128042,"FLCN/PGLS/ENO1/DCXR/ZBTB7A/MDH2/SIRT6/GAPDH/PGAM1/ARNT/NAPRT/CBFA2T3/JMJD8/BPGM/TALDO1/SLC4A1/OGDH",17,"ALL"
"GO:0097192","extrinsic apoptotic signaling pathway in absence of ligand","9/805","66/18805",0.136363636363636,3.18548842461886,3.76126628988617,0.00191629983815852,0.173602570523546,0.164136871128042,"BCL2L10/PPP1CA/PRDX2/INHBA/MAPK7/MKNK2/AKT1/BCL2/IFI6",9,"ALL"
"GO:0097237","cellular response to toxic substance","14/805","135/18805",0.103703703703704,2.42254428341385,3.5079010056806,0.00195646651166211,0.174018803182746,0.164530408655374,"HBB/HBD/HBG1/HBM/HBQ1/APOE/PRDX2/IPCEF1/ALOX5AP/GPX7/CYGB/HBZ/HBA2/HBA1",14,"ALL"
"GO:0034122","negative regulation of toll-like receptor signaling pathway","5/805","22/18805",0.227272727272727,5.30914737436477,4.27668257772453,0.00203545615512261,0.174692131769471,0.165167023926293,"GPR108/CD300LF/IRAK3/ARRB2/SMPDL3B",5,"ALL"
"GO:0035809","regulation of urine volume","5/805","22/18805",0.227272727272727,5.30914737436477,4.27668257772453,0.00203545615512261,0.174692131769471,0.165167023926293,"OPRL1/NPR3/AKR1B1/ADM/SLC4A1",5,"ALL"
"GO:0002532","production of molecular mediator involved in inflammatory response","12/805","107/18805",0.11214953271028,2.61984094735009,3.5534768719031,0.00207844598848924,0.175306168546369,0.165747580279886,"PRDX2/IRF3/ALOX5AP/IL4R/PLD4/PYCARD/VAMP8/APPL1/CD6/CHID1/MEFV/CLEC7A",12,"ALL"
"GO:0009134","nucleoside diphosphate catabolic process","12/805","108/18805",0.111111111111111,2.59558316080055,3.51667445622993,0.00224946358178114,0.186514844780904,0.176345102200648,"FLCN/ENO1/ZBTB7A/SIRT6/GAPDH/PGAM1/ARNT/CBFA2T3/JMJD8/BPGM/SLC4A1/OGDH",12,"ALL"
"GO:0038034","signal transduction in absence of ligand","9/805","68/18805",0.132352941176471,3.09179758860066,3.65435635079898,0.00236518906238594,0.192841748219867,0.182327030528488,"BCL2L10/PPP1CA/PRDX2/INHBA/MAPK7/MKNK2/AKT1/BCL2/IFI6",9,"ALL"
"GO:0050999","regulation of nitric-oxide synthase activity","5/805","23/18805",0.217391304347826,5.07831487982717,4.13866774810637,0.00251030959158566,0.201318598721919,0.190341679817556,"SCARB1/NPR3/NOSIP/AKT1/ATP2B4",5,"ALL"
"GO:0050878","regulation of body fluid levels","29/805","388/18805",0.0747422680412371,1.74599795095089,3.14000877847584,0.00268237181756741,0.210531326365463,0.199052082465431,"HBB/FERMT3/STAT5A/PLAUR/APOE/PRDX2/ZNF385A/OPRL1/ACTG1/CYBA/NPR3/NFE2/JMJD1C/ACTB/VKORC1/GGCX/VAMP8/ANGPTL4/AKR1B1/TLN1/ADM/TRAF3IP2/SLC29A1/PRKCQ/CD9/SCNN1A/SLC4A1/FOSL2/ANGPT2",29,"ALL"
"GO:0002520","immune system development","18/805","202/18805",0.0891089108910891,2.08160629727569,3.26843767336537,0.0027112578824661,0.210531326365463,0.199052082465431,"RNF8/PRDX2/EPHB3/CLCF1/IRAK3/MAP2K2/LTBR/BATF/NFKB2/CD3E/HOXB4/HSPD1/NSD2/TRAF3IP2/SMAD3/BCL2/XKR8/HOXA3",18,"ALL"
