chr,pos,Ref_allele,Alt_allele,Depth_total,Depth_ref,Depth_alt,SVM_pos_score,LDrefine_twoLoci_score,LDrefine_trioLoci_score,LDrefine_merged_score,BAF_alt
chr20,276310,A,G,18,11,7,0.792092409942084,NA,NA,NA,0.368421052631579
chr20,299130,A,C,26,13,13,0.791304583676558,NA,NA,NA,0.481481481481481
chr20,37032835,A,G,33,28,5,0.286617715783857,NA,NA,NA,0.147058823529412
chr20,430858,C,G,827,822,5,0.0402635801247752,0,0,0,0.00603864734299517
chr20,436781,A,G,97,80,17,0.206423926246716,0,NA,NA,0.173469387755102
chr20,438622,T,G,142,117,25,0.176768664668508,NA,NA,NA,0.174825174825175
chr20,440781,A,G,47,24,23,0.940962941386653,0,NA,NA,0.479166666666667
chr20,37067859,A,G,25,11,14,0.990351933403133,0,NA,NA,0.538461538461538
chr20,499511,A,G,20,7,13,0.995214318305085,NA,NA,NA,0.619047619047619
chr20,649400,T,A,37,20,17,0.861739169218262,0,0,0,0.447368421052632
chr20,649404,A,G,37,26,11,0.643490471978894,0,0,0,0.289473684210526
chr20,1120797,T,C,11,4,7,0.937874553730038,0,NA,NA,0.583333333333333
chr20,37232360,T,C,1318,1314,4,0.056273985833059,0.0443034929821288,0.5,0.272151746491064,0.00303260045489007
chr20,37234018,A,T,161,86,75,0.192349110444002,0,NA,NA,0.462962962962963
chr20,37236578,A,T,2120,17,2103,0.988875627750952,0.0543724686598853,0.225400752971582,0.139886610815734,0.991513437057992
chr20,37241423,G,A,4536,4238,298,0.109557074170032,0.0520488588880953,0.481595709265985,0.26682228407704,0.0656821688340313
chr20,37241509,C,T,2394,2372,22,0.0978720800802965,0.0506325634081471,0.3411242242934,0.195878393850774,0.00918580375782881
chr20,1165027,A,G,18,3,15,0.968877555649288,NA,NA,NA,0.789473684210526
chr20,1165302,C,T,4908,4899,9,0.12299013677068,0.303683442086486,0,0.151841721043243,0.00183336728457934
chr20,37519099,A,G,577,443,134,0.366701954150962,0.473219727237683,0.332336605846246,0.402778166541964,0.231833910034602
chr20,37519131,T,C,783,759,24,0.0730942119463506,0.434515027324724,0.37602958586563,0.405272306595177,0.0306122448979592
chr20,37519170,T,C,983,777,206,0.484027163574551,0.437546001487218,0.304941656082284,0.371243828784751,0.209349593495935
chr20,37519233,T,C,1188,1094,94,0.0928474646586268,0.468632503544295,0.10233726728802,0.285484885416158,0.0790580319596299
chr20,37788106,T,C,0,0,0,0.939901418298863,0,0,0,0
chr20,1369123,G,A,7361,7315,46,0.145185105981821,NA,0.191693683040559,NA,0.00624830209182287
chr20,1383470,A,G,575,571,4,0.0925742643732616,0.411745459685151,0.0450801505943165,0.228412805139734,0.00694444444444444
chr20,1383524,A,G,19,19,0,0.0469359261375697,0,0,0,0
chr20,1461275,A,G,85,35,50,0.955831545734076,0.0594988882614349,0.333333333333333,0.196416110797384,0.581395348837209
chr20,38086143,T,C,202,169,33,0.225445989664587,0.408301904512964,0.272727272727273,0.340514588620118,0.16256157635468
chr20,38420743,A,G,1377,1374,3,0.0946477941890617,0.200814920696524,0.0469584902024131,0.123886705449468,0.00217706821480406
chr20,38420856,T,C,897,893,4,0.038113161156494,0.0419717301935957,0.0333333333333333,0.0376525317634645,0.0044543429844098
chr20,1894339,G,A,19,8,11,0.990774733926249,0.468358084214455,NA,NA,0.55
chr20,38578359,T,C,73,63,10,0.183142976499565,0.0869565217391304,0,0.0434782608695652,0.135135135135135
chr20,38578398,G,A,108,104,4,0.15326340495129,0.064516129032258,0,0.032258064516129,0.036697247706422
chr20,38753204,T,C,63,60,3,0.123408047308971,0,0,0,0.046875
chr20,2461773,G,A,17174,17150,24,0.0614720932500199,0.0108022480182048,0,0.00540112400910242,0.00139737991266376
chr20,2462707,A,G,10871,10847,24,0.140488976811464,NA,0.0121283517741332,NA,0.0022075055187638
chr20,2462721,A,G,13638,9426,4212,0.0953077780899535,NA,0.0080500268918422,NA,0.308820294743016
chr20,2464422,A,G,342,18,324,0.999550294547906,0.0569813030211059,0.0483001613510534,0.0526407321860797,0.944606413994169
chr20,2658545,T,C,3126,3113,13,0.0452438868223861,0.158035130465601,0.0226407006333063,0.0903379155494536,0.00415733930284618
chr20,2659082,C,T,22,9,13,0.957788720455179,0,NA,NA,0.565217391304348
chr20,38878261,T,C,533,342,191,0.6906189568791,0.0542338165799002,0.0322001075673689,0.0432169620736346,0.357677902621723
chr20,39030367,A,C,24,13,11,0.904295606692506,0.357142857142857,0.140875470607239,0.249009163875048,0.44
chr20,2889619,T,C,14,5,9,0.997352688379227,0.19420113405021,0.436498117571044,0.315349625810627,0.6
chr20,2940244,T,C,63,23,40,0.98373604124253,0.292191872234387,0.0805002689184223,0.186346070576405,0.625
chr20,2948025,G,A,71,51,20,0.362841633328121,0.104465784647703,0.239416352928507,0.171941068788105,0.277777777777778
chr20,2949110,G,T,35,31,4,0.0843248370664459,0.269381395441405,0,0.134690697720702,0.111111111111111
chr20,3002175,G,A,20,11,9,0.928816219636941,0,0,0,0.428571428571429
chr20,3004393,T,C,116,71,45,0.75655402678027,0.495495657795962,0.0512274438571778,0.27336155082657,0.384615384615385
chr20,3005116,G,A,387,384,3,0.0770917843683129,0.217735372328038,0.0858679248313224,0.15180164857968,0.0077319587628866
chr20,3033616,T,C,9,9,0,0.0586251505751872,0.171084461919517,0,0.0855422309597585,0
chr20,3038166,G,A,828,824,4,0.0613173273945587,NA,0.10016766433802,NA,0.00482509047044632
chr20,3038168,C,T,855,843,12,0.0984675053327793,NA,0.0933313043890003,NA,0.014018691588785
chr20,3055848,T,C,45,40,5,0.0832120563853757,0,0,0,0.108695652173913
chr20,3082768,G,A,421,415,6,0.108699946619768,0.0331891449599528,0,0.0165945724799764,0.014218009478673
chr20,3091808,C,T,9,5,4,0.818491761804402,0.182994615201021,0,0.0914973076005103,0.4
chr20,3107906,G,A,34,22,12,0.923142345437134,0.0583991698221511,0.281750941214478,0.170075055518315,0.342857142857143
chr20,3109760,C,T,179,95,84,0.923355686185471,0.0877394281700916,0.0469584902024131,0.0673489591862523,0.466666666666667
chr20,3154034,A,G,67,56,11,0.200844918421097,0.0185107652368909,0,0.00925538261844544,0.161764705882353
chr20,3158292,G,A,1113,1108,5,0.046689858552716,NA,0.0830799261404483,NA,0.00448833034111311
chr20,3190513,A,C,514,514,0,0.0878738386529476,NA,0.150432390163743,NA,0
chr20,3190770,C,A,3205,3201,4,0.0996062706094187,NA,0.104194509544418,NA,0.00124766063630692
chr20,3191797,C,A,782,774,8,0.0524587861357608,NA,NA,NA,0.0102171136653895
chr20,3203222,C,T,175,175,0,0.0693923555631119,0.229452508493514,0.0402501344592111,0.134851321476362,0
chr20,3204651,A,G,201,201,0,0.0519727847697403,0.398017802892704,0,0.199008901446352,0
chr20,3263386,A,G,51,50,1,0.10182832143452,0.333355779521127,0.436498117571044,0.384926948546085,0.0192307692307692
chr20,37448463,A,T,0,0,0,0.94106813544683,0,NA,NA,0
chr20,3295773,T,C,152,41,111,0.980663264946883,0.0832275234080126,0.10733369189123,0.0952806076496212,0.725490196078431
chr20,3295894,G,A,75,9,66,0.99811822200744,0.201250463548838,0.483001613510534,0.342126038529686,0.868421052631579
chr20,3295914,G,A,101,9,92,0.996860774383052,0.16451521834158,0.46958490202413,0.317050060182855,0.901960784313726
chr20,3296078,G,A,21,5,16,0.96975783408268,0.0231384565461136,0,0.0115692282730568,0.727272727272727
chr20,3296083,G,A,30,5,25,0.980980225319278,0.0702486097670708,0.333333333333333,0.201790971550202,0.806451612903226
chr20,3326138,A,G,60,55,5,0.0664007677217803,0.329669769679521,0,0.16483488483976,0.0819672131147541
chr20,3375071,A,G,22,17,5,0.532597056994305,0.25034949013708,0,0.12517474506854,0.217391304347826
chr20,3391888,C,T,26,24,2,0.255799517029167,0.124029163206045,0,0.0620145816030224,0.0740740740740741
chr20,3571806,T,C,45,41,4,0.0831397297129584,0.467564992402406,0.25,0.358782496201203,0.0869565217391304
chr20,3575351,G,C,29,17,12,0.837207050568893,0,0,0,0.4
chr20,3604948,T,C,26,21,5,0.122142218645945,0.0886069859642575,0,0.0443034929821288,0.185185185185185
chr20,3649165,G,A,76,76,0,0.132321825018812,NA,0.493064147125337,NA,0
chr20,3753585,A,T,948,679,269,0.0770608275678963,0.268229827115898,0.0166666666666667,0.142448246891282,0.28345626975764
chr20,3784209,T,G,236,164,72,0.129392043042508,0.0177501794482535,0.109064880470121,0.063407529959187,0.30379746835443
chr20,3784215,T,G,202,127,75,0.498819356014192,0.0113020835154716,0.125222640539768,0.0682623620276198,0.369458128078818
chr20,3803742,T,C,34,20,14,0.91905102482625,0.493667493229434,0.166666666666667,0.330167079948051,0.4
chr20,3805954,G,T,4424,4409,15,0.102839647130854,0.0680685206803069,0.0837921014764247,0.0759303110783658,0.00338983050847458
chr20,38003447,C,T,174,166,8,0.172097899191142,0.290697674418605,0.15,0.220348837209302,0.0457142857142857
chr20,3933453,T,C,153,118,35,0.340670006058279,0.258335452473472,0.266666666666667,0.262501059570069,0.227272727272727
chr20,4024269,A,G,42,4,38,0.99828956109537,0.0262648895815019,0,0.0131324447907509,0.883720930232558
chr20,4024278,A,G,18,0,18,0.992745674579066,0.0175099263876679,NA,NA,0.947368421052632
chr20,4024281,T,C,1346,1,1345,0.985821343931807,0.0391981946371258,0.253424657534247,0.146311426085686,0.998515219005197
chr20,4807111,A,G,23,12,11,0.824077725591471,0.154128720998277,0.333333333333333,0.243731027165805,0.458333333333333
chr20,4859128,A,G,84,75,9,0.120508266276562,NA,0.359247829461079,NA,0.105882352941176
chr20,4866829,T,C,344,340,4,0.0410979130301259,0.308273976045538,NA,NA,0.0115942028985507
chr20,4969841,G,A,109,105,4,0.0490770963245491,0.207365860716857,0.402501344592112,0.304933602654484,0.0363636363636364
chr20,4970018,T,G,17,12,5,0.437893232131326,0.0664552394731931,NA,NA,0.277777777777778
chr20,4992444,A,G,14,6,8,0.952709468435628,0.132910478946386,0.5,0.316455239473193,0.533333333333333
chr20,5045814,C,T,12,6,6,0.475818721007839,0,0,0,0.461538461538462
chr20,5100104,G,A,4652,4638,14,0.0960929708012034,0.426221557654429,0.303987930066836,0.365104743860633,0.00300881151944982
chr20,5100471,G,A,167,162,5,0.142224732328081,0.457582892327639,NA,NA,0.0297619047619048
chr20,5112549,A,C,167,162,5,0.10473607547669,0,0,0,0.0297619047619048
chr20,5115052,T,C,2209,2206,3,0.0394185263810362,NA,NA,NA,0.00135746606334842
chr20,5115226,C,T,3114,3110,4,0.0624270504022501,0.362277409330574,0.0408939866664112,0.201585697998493,0.00128410914927769
chr20,5128385,T,C,488,484,4,0.0719856413483433,0.393164904234651,0.103802978342176,0.248483941288414,0.0081799591002045
chr20,5128409,G,T,555,548,7,0.0914427778612969,0.263509543728081,0.117942254461875,0.190725899094978,0.012589928057554
chr20,5130335,T,C,114,16,98,0.996772261084192,0.110125419276508,0.416666666666667,0.263396042971587,0.852173913043478
chr20,5151743,T,C,16,7,9,0.932247863050736,0.439605418556172,NA,NA,0.529411764705882
chr20,5156337,G,A,52,46,6,0.117597007755431,NA,0.25,NA,0.113207547169811
chr20,5164144,T,C,85,16,69,0.995355443079896,0.0997952994489248,0.4,0.249897649724462,0.802325581395349
chr20,5177791,T,C,148,141,7,0.132766401594541,NA,0.2,NA,0.0469798657718121
chr20,5184960,C,A,180,173,7,0.0575421301373635,0.243326621922478,0.444444444444444,0.343885533183461,0.0386740331491713
chr20,5190273,C,T,781,743,38,0.0456705680268105,NA,0.106329818529594,NA,0.0485933503836317
chr20,5191031,T,C,90,71,19,0.3389567001274,0.137739258342045,0.125,0.131369629171023,0.208791208791209
chr20,5292396,C,G,1101,1098,3,0.0293437844391041,0.259059045124566,0.167129056858311,0.213094050991439,0.00272232304900181
chr20,5544709,C,T,286,263,23,0.234850495944334,0.205380853291262,0.0422490032470216,0.123814928269142,0.0801393728222996
chr20,5547372,G,A,33,33,0,0.0788778793327429,0.427851324997497,0,0.213925662498748,0
chr20,5567294,A,G,215,74,141,0.976193723999839,0.22396212369617,0.165735847773222,0.194848985734696,0.652777777777778
chr20,5571160,A,G,34,12,22,0.981977143744448,0.445767795757764,0,0.222883897878882,0.628571428571429
chr20,5585477,T,G,87,57,30,0.713560870394384,0.0373725401187468,0.062611320269884,0.0499919301943154,0.340909090909091
chr20,5589187,T,G,366,242,124,0.635328424367703,0.123957575343387,0.148114317675381,0.136035946509384,0.337874659400545
chr20,5773258,T,C,723,718,5,0.104176991470199,0.439299343690867,NA,NA,0.0069060773480663
chr20,5773350,G,A,266,261,5,0.0941585347824643,0.220150722579395,NA,NA,0.0187265917602996
chr20,5779414,T,C,47,42,5,0.074753249442772,0.161024705916577,0.428571428571429,0.294798067244003,0.104166666666667
chr20,5784994,T,C,11,7,4,0.532757134376634,0.0546965205759972,0,0.0273482602879986,0.333333333333333
chr20,5788106,C,T,39,36,3,0.335201183466324,0.388888888888889,0.25,0.319444444444444,0.075
chr20,5796866,A,G,34,26,8,0.699265534207813,NA,0,NA,0.228571428571429
chr20,5799723,T,C,66,58,8,0.0995127125574068,0.348642218738997,0.25,0.299321109369499,0.119402985074627
chr20,5812281,T,C,52,47,5,0.0673055688877856,NA,0.093916980404826,NA,0.0943396226415094
chr20,5826240,G,A,155,148,7,0.0867385007590253,0.127456764515208,0.303087399226269,0.215272081870739,0.0448717948717949
chr20,5838913,T,C,14,9,5,0.303231122957747,0.362659500825574,NA,NA,0.333333333333333
chr20,5841650,T,C,18,9,9,0.880989646181669,0.396481888084122,0.5,0.448240944042061,0.473684210526316
chr20,5944803,A,T,279,30,249,0.952005134340914,0.400415996073954,0.211313205910859,0.305864600992406,0.889285714285714
chr20,6016188,G,A,4,4,0,0.328349085864915,0,NA,NA,0
chr20,38853091,C,T,4,4,0,0.0703864216199261,0,0,0,0
chr20,6037221,A,G,1072,1055,17,0.0389752208462012,0.319136322708523,0.294871794871795,0.307004058790159,0.0158434296365331
chr20,7972900,A,G,38,23,15,0.754326121465895,0.289047678850342,0.4,0.344523839425171,0.384615384615385
chr20,7981067,A,C,88,86,2,0.0315982324342639,0.0877070773078082,0.142857142857143,0.115282110082476,0.0224719101123595
chr20,7996072,C,G,589,11,578,0.984186357432137,NA,NA,NA,0.979661016949153
chr20,8002724,A,G,42,30,12,0.465432958806607,0.49438333862652,0.166666666666667,0.330525002646593,0.27906976744186
chr20,8018115,G,A,73,66,7,0.310281858086154,NA,0.272727272727273,NA,0.0945945945945946
chr20,8018985,C,T,391,387,4,0.0702925127490715,NA,NA,NA,0.0102040816326531
chr20,8201367,T,C,53,20,33,0.980189166655419,0.172942083134821,0.142857142857143,0.157899612995982,0.611111111111111
chr20,8215013,A,G,48,43,5,0.176807671880431,0.268043975254407,0.25,0.259021987627203,0.102040816326531
chr20,8260405,A,G,238,234,4,0.1073365958436,0.420244502156715,0.210526315789474,0.315385408973094,0.0167364016736402
chr20,8260452,A,T,288,284,4,0.0822933965777587,0.351428199792746,0.422626411821717,0.387027305807232,0.013840830449827
chr20,8276138,A,G,65,62,3,0.10580276013403,0.448736806465617,0.4,0.424368403232808,0.0454545454545455
chr20,8276266,T,C,48,18,30,0.901947494801595,0.1957148591911,0.241500806755267,0.218607832973183,0.612244897959184
chr20,8320547,C,T,2,2,0,0.112868693600747,0.285525093170651,0,0.142762546585326,0
chr20,8347710,T,G,61,57,4,0.122886358541497,0.167473506575031,0.433462986483812,0.300468246529422,0.0645161290322581
chr20,8372216,T,C,461,457,4,0.078751718158919,0.220784685521483,0.226766864780515,0.223775775150999,0.00865800865800866
chr20,8388367,T,C,38,33,5,0.136405939215601,0.085215095779025,0.25,0.167607547889512,0.128205128205128
chr20,8417313,T,C,1153,1145,8,0.0699840284462546,NA,0.462677996069533,NA,0.00693240901213172
chr20,8424588,A,G,97,92,5,0.0931195520404184,NA,0.343310635009749,NA,0.0510204081632653
chr20,8425899,T,C,37,33,4,0.104794058670175,0.388407487420964,0.218249058785522,0.303328273103243,0.105263157894737
chr20,8435997,G,A,70,63,7,0.139512236519621,0.334311981333014,0.337920072918646,0.33611602712583,0.0985915492957746
chr20,8436617,T,C,39,14,25,0.985369347126151,0.423223076360898,0.428571428571429,0.425897252466163,0.625
chr20,8457322,T,C,44,38,6,0.11523630704171,0.155564070106226,0.25,0.202782035053113,0.133333333333333
chr20,8467388,T,C,37,29,8,0.238020983925416,0.352198229442251,0.2,0.276099114721126,0.210526315789474
chr20,8509407,T,C,77,72,5,0.0682406231978233,NA,0.375,NA,0.0641025641025641
chr20,8521070,A,T,96,82,14,0.153547982109144,0.31508815445114,0.281750941214478,0.298419547832809,0.144329896907216
chr20,8546537,G,A,132,128,4,0.127115276165172,0.451658745598757,0.476809285132194,0.464234015365475,0.0300751879699248
chr20,8606312,T,C,11,6,5,0.657588071793155,0.170348606774484,0.187833960809652,0.179091283792068,0.416666666666667
chr20,8651906,A,G,38,30,8,0.304911587313093,0.4717312975453,0.333333333333333,0.402532315439317,0.205128205128205
chr20,8672682,T,C,34,14,20,0.963890489903591,0.487867747207458,0.5,0.493933873603729,0.571428571428571
chr20,8734338,T,C,10,6,4,0.746934312565843,0.2,0,0.1,0.363636363636364
chr20,8745922,T,C,23,6,17,0.979972293238454,0.0760464754089244,0,0.0380232377044622,0.708333333333333
chr20,8751332,C,T,63,59,4,0.126304454158773,0.346859806232849,NA,NA,0.0625
chr20,8773994,T,A,24,20,4,0.296859845066354,0.228034708722052,0.315190895259078,0.271612801990565,0.16
chr20,8779361,G,A,39,31,8,0.225021384357979,0.483283617272846,0.5,0.491641808636423,0.2
chr20,38947938,T,C,15,11,4,0.224217767624651,0.5,0.333333333333333,0.416666666666667,0.25
chr20,10466634,C,T,47,41,6,0.285429473726816,0.111037536233031,0.5,0.305518768116515,0.125
chr20,10530523,T,C,35,29,6,0.167630604665412,0.309599714973028,0.333333333333333,0.321466524153181,0.166666666666667
chr20,10623128,G,A,276,251,25,0.22671760702202,0.403032365912167,0.181818181818182,0.292425273865174,0.0902527075812274
chr20,10626557,T,C,195,29,166,0.997435326169407,0.116366547817459,0.482758620689655,0.299562584253557,0.846938775510204
chr20,11899500,T,C,12,8,4,0.53083066224782,0.166520642429299,0,0.0832603212146493,0.307692307692308
chr20,13396090,C,G,40,34,6,0.356320797455857,0.35032516364873,0.25,0.300162581824365,0.146341463414634
chr20,13417439,C,T,9,9,0,0.860966244102755,0,NA,NA,0
chr20,13427484,C,G,17,14,3,0.421793235020024,0.0960033919648888,0,0.0480016959824444,0.166666666666667
chr20,13453624,G,A,6,1,5,0.935554502141714,0,0,0,0.714285714285714
chr20,13453630,A,G,6,1,5,0.966244865680268,0,0,0,0.714285714285714
chr20,13458846,T,G,9,6,3,0.876488505017862,0.333333333333333,NA,NA,0.3
chr20,13480719,T,A,35,22,13,0.787330990146836,0.427707338092443,0.333333333333333,0.380520335712888,0.361111111111111
chr20,13609041,A,G,21,16,5,0.458399646441045,0.461505589683239,0,0.230752794841619,0.227272727272727
chr20,13623261,T,C,131,131,0,0.108188312249284,0.431839133833219,0.0375667921619304,0.234702962997575,0
chr20,13623264,T,C,135,135,0,0.121775781107229,0.436962380493693,0.0402501344592111,0.238606257476452,0
chr20,13715071,C,T,175,168,7,0.150757496054,0.298912944806389,NA,NA,0.0397727272727273
chr20,13733840,G,A,56,52,4,0.092535153110963,0.208605621046062,0,0.104302810523031,0.0701754385964912
chr20,13770024,A,T,20,10,10,0.492999798012951,0.25518363199564,0,0.12759181599782,0.476190476190476
chr20,13770723,A,G,7,4,3,0.847172647633697,0.25,0,0.125,0.375
chr20,13795864,C,T,8,5,3,0.903807595968018,0.353075870765903,NA,NA,0.333333333333333
chr20,16292722,A,G,18,5,13,0.990289205030526,0.132910478946386,0.2,0.166455239473193,0.684210526315789
chr20,16545156,A,G,25,13,12,0.646755614891932,0.230783318707183,0,0.115391659353592,0.461538461538462
chr20,17572175,T,C,13,13,0,0.71815047785162,NA,0,NA,0
chr20,17572178,T,A,11,11,0,0.586547591067995,NA,0,NA,0
chr20,17575882,T,C,33,21,12,0.655493194166082,0.187683567661037,0.333333333333333,0.260508450497185,0.352941176470588
chr20,17584229,T,C,68,44,24,0.733996654296266,0.323531242761945,0.375,0.349265621380973,0.347826086956522
chr20,17592035,C,T,73,69,4,0.0738306891375045,0.243738555444556,NA,NA,0.0540540540540541
chr20,17607174,T,C,1920,1904,16,0.0625545685841661,NA,0.155958878148352,NA,0.00832899531494014
chr20,17660079,C,T,508,481,27,0.172186645709639,0.141383214996297,0.11444846696986,0.127915840983078,0.0530451866404715
chr20,17952586,C,G,86,78,8,0.125760658622104,0.239808134057011,0.281750941214478,0.260779537635745,0.0919540229885057
chr20,17955017,A,G,365,361,4,0.0966107344949891,NA,NA,NA,0.0109289617486339
chr20,17969980,G,A,91,87,4,0.035771911901662,NA,NA,NA,0.0434782608695652
chr20,17980502,T,A,32,28,4,0.877892265151387,0.259924553135544,0.25,0.254962276567772,0.121212121212121
chr20,17990958,G,A,573,561,12,0.133189356957728,NA,NA,NA,0.0209059233449477
chr20,18137910,C,T,888,885,3,0.0822780193080336,0.339675274098714,0.467314626766377,0.403494950432546,0.00337457817772778
chr20,18504695,T,C,3394,5,3389,0.999434325741038,0.341630343248423,0.0933333333333334,0.217481838290878,0.998232695139912
chr20,18504703,A,G,3479,3471,8,0.0474292715728665,0.35043702342174,0.0844277673545966,0.217432395388168,0.00229885057471264
chr20,18596207,G,T,878,873,5,0.0838581439563868,0.308954761133386,0.44963931408534,0.379297037609363,0.00568828213879408
chr20,18623300,T,C,105,40,65,0.975701967976681,0.0435958571358843,0.470588235294118,0.257092046215001,0.613207547169811
chr20,18626504,T,G,55,51,4,0.16632555245074,0.392881125894372,NA,NA,0.0714285714285714
chr20,18656528,T,C,10,6,4,0.911924975694487,0.0620417675869996,0,0.0310208837934998,0.363636363636364
chr20,18659408,T,G,37,33,4,0.0869134586951844,0.239497009972124,0,0.119748504986062,0.105263157894737
chr20,18744172,G,A,629,606,23,0.113588116712009,0.442705956035343,0.0779220779220779,0.260314016978711,0.0365079365079365
chr20,18763626,C,T,1917,1906,11,0.112689163779649,0.447103507856371,0.0830039525691699,0.26505373021277,0.00573514077163712
chr20,18794928,T,A,29,28,1,0.0880780890587009,0.114336167773192,0.5,0.307168083886596,0.0333333333333333
chr20,19810070,A,G,9,5,4,0.890454133562405,0,NA,NA,0.4
chr20,20019328,G,A,76,72,4,0.0693123820877096,0.16932497692599,0.0714285714285714,0.12037677417728,0.051948051948052
chr20,20026448,A,C,15,12,3,0.352693035630035,0.142857142857143,0,0.0714285714285714,0.1875
chr20,20033380,T,C,3023,3020,3,0.056945734603505,0.215947181275083,0.0491916426126885,0.132569411943886,0.000992063492063492
chr20,20033508,C,T,2451,2447,4,0.0614222223947599,0.210746837282353,0.0574018126888217,0.134074324985587,0.00163132137030995
chr20,20039734,A,T,190,188,2,0.13909371316908,0.423658777455272,0.0303030303030303,0.226980903879151,0.0104712041884817
chr20,20047762,T,C,19,19,0,0.43054235145011,NA,0,NA,0
chr20,20047764,T,A,25,19,6,0.535062933260237,NA,0.4,NA,0.230769230769231
chr20,20052407,C,T,1283,1279,4,0.0665894862668182,NA,0.446697246664781,NA,0.00311526479750779
chr20,20699448,C,A,30,18,12,0.789070329152934,0.192853328794187,0.428571428571429,0.310712378682808,0.387096774193548
chr20,20699454,A,G,30,18,12,0.803910556367381,0.388888888888889,0.5,0.444444444444444,0.387096774193548
chr20,21166309,A,G,34431,182,34249,0.925463236554953,0.198277515425363,0.0309010681626547,0.114589291794009,0.994685176579926
chr20,21166457,G,A,17325,39,17286,0.934477493259164,0.0832864429916665,0.470588235294118,0.276937339142892,0.997691330947709
chr20,21236599,C,G,33,10,23,0.996812383342717,0.0510628365499363,0,0.0255314182749681,0.676470588235294
chr20,21244547,T,C,34,10,24,0.987880655304365,0,0,0,0.685714285714286
chr20,21362665,T,C,113,46,67,0.95550941733885,0,0,0,0.587719298245614
chr20,21377665,T,C,233,38,195,0.997359301200835,0.0286585230173066,0,0.0143292615086533,0.833333333333333
chr20,23352952,T,C,27,10,17,0.984768824391603,0.412826672872915,0.25,0.331413336436458,0.607142857142857
chr20,23375039,C,G,30,29,1,0.0938831381642701,0,0,0,0.032258064516129
chr20,23395002,A,T,16,4,12,0.989097632305774,NA,0,NA,0.705882352941177
chr20,23398983,T,C,130,124,6,0.187967705808414,0.034800929424423,0,0.0174004647122115,0.0458015267175573
chr20,23633774,G,A,21706,21681,25,0.122861596504529,0.446511506304276,NA,NA,0.00115170221587506
chr20,23633820,T,C,23040,22699,341,0.0560489311973052,0.442926503848607,NA,NA,0.0147997048739204
chr20,24957460,G,A,51,7,44,0.890992853732551,NA,0.070657587337233,NA,0.846153846153846
chr20,24958935,A,C,5107,5010,97,0.0507986057977906,NA,NA,NA,0.0189898198903681
chr20,24958970,A,G,9348,9339,9,0.101251597151154,NA,NA,NA,0.00096266980425714
chr20,24961150,A,G,386,381,5,0.0341715868333619,NA,NA,NA,0.0129198966408269
chr20,24963033,A,G,2638,2632,6,0.0420984470406965,NA,NA,NA,0.00227358848048503
chr20,24963290,T,C,1278,1264,14,0.045282918230271,NA,NA,NA,0.0109460516028147
chr20,24963727,T,C,833,829,4,0.0571545604854989,0.122517697266068,0.0201270677443374,0.0713223825052025,0.00479616306954436
chr20,24963851,A,G,322,320,2,0.113024296919551,0.369181226740187,NA,NA,0.00619195046439629
chr20,24969064,A,T,1293,1289,4,0.0289163221031031,NA,NA,NA,0.00309119010819165
chr20,24970029,A,T,27,23,4,0.1806960163996,0.201337328236541,NA,NA,0.142857142857143
chr20,24971509,G,A,305,303,2,0.0708577742067813,NA,0.147978752268682,NA,0.0065359477124183
chr20,24973265,C,T,36,31,5,0.196398617714719,0.297810424660634,0.5,0.398905212330317,0.135135135135135
chr20,24986324,G,A,38,24,14,0.839398268878619,0,0,0,0.358974358974359
chr20,24993261,A,G,11,7,4,0.931343290234073,0.163157376240165,NA,NA,0.333333333333333
chr20,25007810,G,T,19,15,4,0.194881803804485,0.100491459974027,0,0.0502457299870137,0.2
chr20,25016920,A,G,13,9,4,0.365400813397193,0,0,0,0.285714285714286
chr20,25210200,A,G,151,134,17,0.269172775979209,0.373082792970753,0.488368298105095,0.430725545537924,0.111842105263158
chr20,25210215,A,G,100,83,17,0.486544044567137,0.477983231989651,0.422626411821717,0.450304821905684,0.168316831683168
chr20,25210270,A,G,28,18,10,0.930993977642589,0.0334971533246757,0,0.0167485766623379,0.344827586206897
chr20,25286437,T,C,25,21,4,0.135956988348797,0.0669943066493515,0,0.0334971533246757,0.153846153846154
chr20,25304376,T,A,0,0,0,0.922817198889676,0,NA,NA,0
chr20,25324845,A,T,53,48,5,0.195178112923401,0.110312756348052,0.142857142857143,0.126584949602597,0.0925925925925926
chr20,25371039,C,T,104,100,4,0.0416029602983098,NA,0.125222640539768,NA,0.0380952380952381
chr20,25380653,C,T,108,104,4,0.102198612269597,NA,0.454283708059304,NA,0.036697247706422
chr20,25389117,T,C,266,262,4,0.0666574215366258,0.474640573243836,NA,NA,0.0149812734082397
chr20,25572105,A,G,7,6,1,0.72748474007424,0.333333333333333,NA,NA,0.125
chr20,25670223,A,T,41,10,31,0.786725087984509,0.137034206512183,0,0.0685171032560917,0.738095238095238
chr20,25670246,G,A,41,10,31,0.949317880580978,0.137034206512183,0,0.0685171032560917,0.738095238095238
chr20,28557192,G,A,27,11,16,0.977137669479993,0.2,0.333333333333333,0.266666666666667,0.571428571428571
chr20,30377565,G,T,2208,993,1215,0.938877282978378,0.39933458669263,0.117924528301887,0.258629557497259,0.550022634676324
chr20,31547671,C,T,70,38,32,0.652080261403688,0.0911386141346648,0.0909090909090909,0.0910238525218779,0.450704225352113
chr20,31547679,C,T,63,31,32,0.697841593715971,0.0966621665064628,0.0909090909090909,0.0937856287077768,0.5
chr20,31547941,G,A,450,40,410,0.993564361971533,0.28819359641039,0.0886075949367089,0.188400595673549,0.909090909090909
chr20,31547965,T,C,1393,53,1340,0.997209439392242,0.170315000680249,0.137931034482759,0.154123017581504,0.961262553802009
chr20,31548031,C,T,961,48,913,0.996242212213516,0.178414711811666,0.146666666666667,0.162540689239166,0.949064449064449
chr20,31550062,A,G,44,6,38,0.999372433195601,0.0625461077394759,0,0.0312730538697379,0.844444444444444
chr20,31664548,T,G,505,299,206,0.165883529114692,0.430599196917423,0.31305660134942,0.371827899133421,0.407114624505929
chr20,31723155,G,A,1075,1074,1,0.105610877429057,0.377776746542343,0.161016949152542,0.269396847847443,0.000929368029739777
chr20,31742552,A,G,142,106,36,0.641758833512445,0.348992266661707,0.0833333333333334,0.21616279999752,0.251748251748252
chr20,32157478,A,C,31,16,15,0.911403006855764,0.305064630878634,0.166666666666667,0.23586564877265,0.46875
chr20,32166397,G,C,19,18,1,0.196490596864189,0.142857142857143,0,0.0714285714285714,0.05
chr20,32195603,A,G,7,6,1,0.912013891497449,0.177213971928515,0,0.0886069859642575,0.125
chr20,32282434,A,T,28,24,4,0.349258931260268,0.126202176267117,0.166666666666667,0.146434421466892,0.137931034482759
chr20,32326026,T,C,177,173,4,0.0698242705880844,0.201449253889954,0.148148148148148,0.174798701019051,0.0224719101123595
chr20,32326057,T,C,138,37,101,0.992563430823736,0.124637353767288,0.173913043478261,0.149275198622775,0.726618705035971
chr20,32416314,G,C,3,3,0,0.0684581105992944,0,NA,NA,0
chr20,32430748,T,G,8,4,4,0.926619571244005,0,0,0,0.444444444444444
chr20,32431416,A,T,474,470,4,0.0306856535726613,0.420729744981578,0.475846034051118,0.448287889516348,0.00842105263157895
chr20,32439242,T,C,114,110,4,0.0462917509275982,0.245316419157856,0.227272727272727,0.236294573215291,0.0347826086956522
chr20,32443178,A,G,367,361,6,0.0468849079208115,NA,0.153846153846154,NA,0.016304347826087
chr20,32443358,A,T,200,195,5,0.0438725500669711,NA,0.225,NA,0.0248756218905473
chr20,32484673,A,G,30,21,9,0.162164013715746,0.12268659595051,NA,NA,0.290322580645161
chr20,32488243,C,T,329,324,5,0.094088799814066,0.376851957191703,0.381107687263096,0.3789798222274,0.0151515151515152
chr20,32515420,A,G,18,11,7,0.63687198664302,0.465186676312352,0,0.232593338156176,0.368421052631579
chr20,32540381,A,G,39,33,6,0.116482778192795,NA,0,NA,0.15
chr20,32689051,C,A,71,30,41,0.91157766259973,0.32974149330056,0,0.16487074665028,0.569444444444444
chr20,32692596,A,G,0,0,0,0.964199623871306,NA,NA,NA,0
chr20,32703659,A,G,454,450,4,0.0775107053022381,0.38795251740831,0.465084543419293,0.426518530413801,0.00879120879120879
chr20,32703704,G,A,1070,1066,4,0.0713234074906439,0.484096093202168,NA,NA,0.00373482726423903
chr20,32704439,C,G,13,7,6,0.581306339820223,NA,0,NA,0.428571428571429
chr20,32705806,C,G,35,15,20,0.910692289422743,NA,0,NA,0.555555555555556
chr20,32806137,G,T,13,5,8,0.969238405503441,0.228139426226773,0.5,0.364069713113387,0.571428571428571
chr20,32829229,T,C,45,40,5,0.147934520008931,0.427813052328234,0.125,0.276406526164117,0.108695652173913
chr20,32833750,T,C,667,666,1,0.107133442488097,0.360312679398219,0.315922718406541,0.33811769890238,0.00149700598802395
chr20,32839767,G,A,179,175,4,0.0618777220004819,0.208036312726556,0.166666666666667,0.187351489696611,0.0222222222222222
chr20,33390773,A,G,46,28,18,0.75469830204015,0.0919479245677327,0.125,0.108473962283866,0.382978723404255
chr20,33396614,T,A,76,68,8,0.264106038959793,0.0375873162677827,0,0.0187936581338913,0.103896103896104
chr20,33401612,G,A,62,57,5,0.121839115411829,0.12004817453222,0,0.0600240872661099,0.0793650793650794
chr20,33503572,G,A,84,78,6,0.130443435244679,0.210920591981099,0.125,0.167960295990549,0.0705882352941176
chr20,33518280,T,C,171,133,38,0.338654364865926,0.172198523541066,0.0833333333333334,0.1277659284372,0.22093023255814
chr20,33547250,A,G,69,62,7,0.334649896603516,0.0189107204986814,0.125,0.0719553602493407,0.1
chr20,33636351,G,A,19,19,0,0.251908553590027,0,0,0,0
chr20,33636352,G,A,20,19,1,0.504868892627749,0,0,0,0.0476190476190476
chr20,33832686,T,C,60,54,6,0.082398182366744,0.273453064267445,0.428571428571429,0.351012246419437,0.0983606557377049
chr20,34010639,T,C,25,20,5,0.219835261299366,0.486986862272942,0.5,0.493493431136471,0.192307692307692
chr20,34025789,G,A,23,11,12,0.969161804601469,0.0283515084061504,0.333333333333333,0.180842420869742,0.5
chr20,34031505,T,C,206,197,9,0.174627854266146,0.487139709025272,0.25,0.368569854512636,0.0434782608695652
chr20,34031721,T,C,64,24,40,0.959765772725672,0.121214934128757,0,0.0606074670643785,0.615384615384615
chr20,34043458,T,C,17,8,9,0.986813480615071,0.0502356799074829,0,0.0251178399537414,0.5
chr20,34045696,T,C,14,10,4,0.486181054463884,0.100491459974027,0.5,0.300245729987014,0.266666666666667
chr20,34067569,T,C,158,142,16,0.128652911202726,NA,0.0833333333333334,NA,0.10062893081761
chr20,34068047,T,C,497,273,224,0.869196981494241,0.157336243519583,0.0523887640263069,0.104862503772945,0.449799196787149
chr20,34080093,C,T,7154,7137,17,0.0668887252569126,NA,0.350805324674009,NA,0.0023759608665269
chr20,34080194,G,T,1027,1010,17,0.0573458536457579,0.133915896381513,0.0326220322114695,0.0832689642964912,0.0165369649805447
chr20,34087857,C,T,293,281,12,0.0372264037737144,0.423841059602649,0.47619187028152,0.450016464942085,0.0408163265306122
chr20,34087875,A,G,337,330,7,0.114369723544504,0.405882352941177,0.431721247558376,0.418801800249777,0.0207100591715976
chr20,34105367,C,T,509,95,414,0.0805758781391101,0.3021457634871,0.0967019116704017,0.199423837578751,0.811764705882353
chr20,34105375,C,T,1054,1036,18,0.0385472669119076,0.160528454080533,0.0732521902898671,0.1168903221852,0.0170616113744076
chr20,34112180,G,A,6225,6217,8,0.0878419155282369,NA,0.0485084335173542,NA,0.00128493414712496
chr20,34112231,G,A,3463,3459,4,0.0705225395441244,NA,0.0694898227538197,NA,0.00115473441108545
chr20,34115670,T,C,27,23,4,0.35213103244916,0.452261632075358,0,0.226130816037679,0.142857142857143
chr20,34246468,T,C,1621,9,1612,0.999811128878899,0.146657966810067,0.0931661884998571,0.119912077654962,0.99383477188656
chr20,34369806,A,G,1220,1216,4,0.0629845796206351,0.373624265260559,0.0551251841506587,0.214374724705609,0.00327600327600328
chr20,34373666,T,C,105,82,23,0.195847282655109,0.423552954887282,0.369050564728687,0.396301759807984,0.216981132075472
chr20,34408773,T,G,170,167,3,0.0641185865523347,0.287009340497475,0.0751335843238609,0.181071462410668,0.0175438596491228
chr20,34409883,A,G,24,24,0,0.0287904301102462,0.234616865156177,0,0.117308432578089,0
chr20,34412722,T,C,278,258,20,0.0858894769768026,0.417374512458439,0.0436498117571044,0.230512162107772,0.0716845878136201
chr20,34414302,T,C,21,6,15,0.989283635460006,0.212656766314218,0,0.106328383157109,0.681818181818182
chr20,34417898,G,A,263,258,5,0.104424074587548,0.459412895604789,0.142009496481607,0.300711196043198,0.0189393939393939
chr20,34418324,T,C,28,26,2,0.0949728118991738,0.28558175242329,0,0.142790876211645,0.0689655172413793
chr20,34429721,T,C,195,195,0,0.0885834776037353,NA,0.126374244348676,NA,0
chr20,34451719,G,A,166,143,23,0.273452214029415,NA,0.0866925972967625,NA,0.137724550898204
chr20,34453263,T,C,111,70,41,0.711787249300087,NA,0.0469584902024131,NA,0.366071428571429
chr20,34470321,T,C,3,3,0,0.202202907381827,0,0,0,0
chr20,34475844,T,C,24,12,12,0.95550941733885,0,0,0,0.48
chr20,34476802,T,C,25,18,7,0.43054235145011,0.32048781123477,0.2,0.260243905617385,0.269230769230769
chr20,34489410,C,A,20,13,7,0.328897766576353,0.0925538261844543,0.333333333333333,0.212943579758894,0.333333333333333
chr20,34521641,T,C,23,16,7,0.1427385210112,0.0865731685469247,0,0.0432865842734623,0.291666666666667
chr20,34526675,T,C,421,399,22,0.0693954216444422,NA,0.487062757320408,NA,0.0521327014218009
chr20,34528618,G,A,158,152,6,0.119360015920542,NA,NA,NA,0.0377358490566038
chr20,34540771,T,C,12831,12797,34,0.155709268830022,0.138014227393371,NA,NA,0.00264962593516209
chr20,34565565,T,C,40,36,4,0.156764987942784,0.445618752111177,0,0.222809376055588,0.0975609756097561
chr20,34624970,A,G,37,33,4,0.0855218163509637,0.0874233106017392,0,0.0437116553008696,0.105263157894737
chr20,34704374,A,G,20,15,5,0.332047716756568,0.438930644873875,0.218249058785522,0.328589851829698,0.238095238095238
chr20,34705217,A,T,12,8,4,0.616952408702996,0.217625408021187,0,0.108812704010593,0.307692307692308
chr20,34731370,A,G,88,70,18,0.365295418278835,0.424600710227669,0,0.212300355113835,0.202247191011236
chr20,34764726,A,T,30,26,4,0.280555142813835,0.0115692282730568,0.142857142857143,0.0772131855650998,0.129032258064516
chr20,34766299,T,C,14,7,7,0.883512211181003,0.132910478946386,0,0.0664552394731931,0.466666666666667
chr20,34811519,A,G,15,7,8,0.973819321941808,0,0,0,0.5
chr20,34824014,A,G,198,193,5,0.124426209646816,0.257204308105455,0.182118901378882,0.219661604742169,0.0251256281407035
chr20,35002538,C,T,1291,1287,4,0.0813076883807252,0.169890181090146,NA,NA,0.00309597523219814
chr20,35002573,G,A,1640,1636,4,0.0951766921828482,0.430992886303314,0.487048203603863,0.459020544953589,0.0024375380865326
chr20,35003547,G,T,28,19,9,0.579102066522348,NA,0,NA,0.310344827586207
chr20,35010230,T,C,29,22,7,0.269858489442633,0.31662418598222,0.333333333333333,0.324978759657776,0.233333333333333
chr20,35044081,A,G,76,47,29,0.737217297555258,0.263631355012201,0,0.1318156775061,0.376623376623377
chr20,35088116,G,A,10,5,5,0.971424772597723,0.25,0,0.125,0.454545454545455
chr20,35090263,C,T,19,14,5,0.210528326579009,0.34718503858404,0.5,0.42359251929202,0.25
chr20,35178081,A,G,71,37,34,0.901535194171916,NA,0,NA,0.472222222222222
chr20,35218026,C,T,197,197,0,0.481864420430044,0.478721655451896,0.153846153846154,0.316283904649025,0
chr20,35218030,A,G,230,79,151,0.482786677726952,0.124096407540146,0.032258064516129,0.0781772360281375,0.653679653679654
chr20,35253744,G,A,13,11,2,0.58687320935617,0,NA,NA,0.142857142857143
chr20,35258873,T,C,11,6,5,0.830194530589961,0.438892051973748,0,0.219446025986874,0.416666666666667
chr20,35279059,G,A,5075,5051,24,0.124486457881,NA,0.235515133177496,NA,0.00472813238770686
chr20,35321154,A,G,45,30,15,0.559837731696714,0.054268184198215,0.2,0.127134092099107,0.326086956521739
chr20,35373291,A,G,153,20,133,0.998033832394981,0.0344028602361904,0.0588235294117647,0.0466131948239776,0.863636363636364
chr20,35459414,A,G,55,44,11,0.309687606483017,0.0275504755420267,0,0.0137752377710134,0.196428571428571
chr20,35490405,G,A,26,22,4,0.106653213808454,0,NA,NA,0.148148148148148
chr20,35490726,G,A,190,183,7,0.0618517401964662,NA,0.08,NA,0.0366492146596859
chr20,35557421,C,A,402,103,299,0.123824279852974,0.0204533297465207,0.0816326530612245,0.0510429914038726,0.741935483870968
chr20,35557491,G,A,3878,3870,8,0.140452143478071,0.05097154813174,0.469645287125688,0.260308417628714,0.00206238721319928
chr20,35659472,A,G,27,16,11,0.747900703403262,0.0609982050670068,0,0.0304991025335034,0.392857142857143
chr20,35664026,C,T,39,35,4,0.0904835085435638,7.33711167199003e-05,0,3.66855583599501e-05,0.1
chr20,35669171,G,T,670,665,5,0.0859656469658348,0.064802858541953,0,0.0324014292709765,0.00745156482861401
chr20,35703689,T,G,293,140,153,0.839168439795082,0.117872007915532,0,0.0589360039577658,0.520408163265306
chr20,35709629,T,A,100,86,14,0.188299083111121,0,0,0,0.138613861386139
chr20,35710785,A,G,45,34,11,0.283691366635354,0.200982919948055,0,0.100491459974027,0.239130434782609
chr20,35735911,A,G,63,45,18,0.45333129616032,0.0383743288685953,0,0.0191871644342976,0.28125
chr20,35736020,A,G,112,47,65,0.945621227055671,0.276258363490768,0,0.138129181745384,0.575221238938053
chr20,35742235,C,A,2415,2413,2,0.0422629144511861,0.415241118024556,0.0169491525423728,0.216095135283464,0.000827814569536424
chr20,35742912,G,A,731,715,16,0.190443393780691,NA,0,NA,0.0218579234972678
chr20,35779367,T,C,32,23,9,0.636414818791351,0.200982919948055,0.333333333333333,0.267158126640694,0.272727272727273
chr20,35798949,T,C,73,40,33,0.869196981494241,0.0851743033872419,0,0.0425871516936209,0.445945945945946
chr20,35800175,T,A,37,22,15,0.828130916290287,0.0196986671861263,0.166666666666667,0.0931826669263965,0.394736842105263
chr20,35953873,G,A,11611,11600,11,0.133100861393294,0.282989856249258,0.0353430353430353,0.159166445796147,0.000947295900792284
chr20,35953897,G,A,9263,9250,13,0.125947961465477,0.267722460957482,0.032258064516129,0.149990262736806,0.00140328151986183
chr20,35953911,G,A,8400,8376,24,0.0921937233655683,0.288205767718382,0.036144578313253,0.162175173015818,0.002856802761576
chr20,36526905,G,A,627,623,4,0.0446907704465371,NA,0.0487804878048781,NA,0.00636942675159236
chr20,36612141,C,T,2900,2881,19,0.130530227407157,0.459821188622155,0.00378787878787878,0.231804533705017,0.00654946570148225
chr20,36752989,A,G,18,8,10,0.935578826778619,0,NA,NA,0.526315789473684
chr20,36890868,A,G,440,430,10,0.168146129714033,0.111923921007744,0.333333333333333,0.222628627170538,0.0226757369614512
chr20,36905507,C,T,29,17,12,0.321876522872705,0,NA,NA,0.4
chr20,36911217,C,T,618,68,550,0.385577295698212,0.378113082566449,0,0.189056541283224,0.888529886914378
chr20,36911277,C,T,1377,1274,103,0.201632627707861,0.255662959828459,0,0.12783147991423,0.0747460087082729
chr20,36927234,T,G,1279,1266,13,0.0471122155702105,NA,0,NA,0.01015625
chr20,36927750,A,G,72,50,22,0.613893308935385,0.375,0,0.1875,0.301369863013699
chr20,36929812,A,G,157,126,31,0.340574823290038,0,NA,NA,0.19620253164557
chr20,36930545,A,G,51,39,12,0.283168680010697,NA,NA,NA,0.230769230769231
chr20,36951765,C,A,218,214,4,0.0801656042847953,0.5,NA,NA,0.0182648401826484
chr20,36997728,A,G,23,19,4,0.328549589387661,NA,NA,NA,0.166666666666667
chr20,37017989,C,T,73,67,6,0.123336259474216,NA,NA,NA,0.0810810810810811
