chr,pos,Ref_allele,Alt_allele,Depth_total,Depth_ref,Depth_alt,SVM_pos_score,LDrefine_twoLoci_score,LDrefine_trioLoci_score,LDrefine_merged_score,BAF_alt
chr20,37519099,A,G,577,443,134,0.366701954,0.473219727,0.332336606,0.402778167,0.23183391
chr20,37519170,T,C,983,777,206,0.484027164,0.437546001,0.304941656,0.371243829,0.209349593
chr20,38086143,T,C,202,169,33,0.22544599,0.408301905,0.272727273,0.340514589,0.162561576
chr20,3004393,T,C,116,71,45,0.756554027,0.495495658,0.051227444,0.273361551,0.384615385
chr20,3803742,T,C,34,20,14,0.919051025,0.493667493,0.166666667,0.33016708,0.4
chr20,3933453,T,C,153,118,35,0.340670006,0.258335452,0.266666667,0.26250106,0.227272727
chr20,5841650,T,C,18,9,9,0.880989646,0.396481888,0.5,0.448240944,0.473684211
chr20,7972900,A,G,38,23,15,0.754326121,0.289047679,0.4,0.344523839,0.384615385
chr20,8002724,A,G,42,30,12,0.465432959,0.494383339,0.166666667,0.330525003,0.279069767
chr20,8215013,A,G,48,43,5,0.176807672,0.268043975,0.25,0.259021988,0.102040816
chr20,8425899,T,C,37,33,4,0.104794059,0.388407487,0.218249059,0.303328273,0.105263158
chr20,8467388,T,C,37,29,8,0.238020984,0.352198229,0.2,0.276099115,0.210526316
chr20,8521070,A,T,96,82,14,0.153547982,0.315088154,0.281750941,0.298419548,0.144329897
chr20,8651906,A,G,38,30,8,0.304911587,0.471731298,0.333333333,0.402532315,0.205128205
chr20,8773994,T,A,24,20,4,0.296859845,0.228034709,0.315190895,0.271612802,0.16
chr20,8779361,G,A,39,31,8,0.225021384,0.483283617,0.5,0.491641809,0.2
chr20,38947938,T,C,15,11,4,0.224217768,0.5,0.333333333,0.416666667,0.25
chr20,10466634,C,T,47,41,6,0.285429474,0.111037536,0.5,0.305518768,0.125
chr20,10530523,T,C,35,29,6,0.167630605,0.309599715,0.333333333,0.321466524,0.166666667
chr20,13396090,C,G,40,34,6,0.356320797,0.350325164,0.25,0.300162582,0.146341463
chr20,13480719,T,A,35,22,13,0.78733099,0.427707338,0.333333333,0.380520336,0.361111111
chr20,17575882,T,C,33,21,12,0.655493194,0.187683568,0.333333333,0.26050845,0.352941176
chr20,17584229,T,C,68,44,24,0.733996654,0.323531243,0.375,0.349265621,0.347826087
chr20,17980502,T,A,32,28,4,0.877892265,0.259924553,0.25,0.254962277,0.121212121
chr20,20699448,C,A,30,18,12,0.789070329,0.192853329,0.428571429,0.310712379,0.387096774
chr20,20699454,A,G,30,18,12,0.803910556,0.388888889,0.5,0.444444444,0.387096774
chr20,24973265,C,T,36,31,5,0.196398618,0.297810425,0.5,0.398905212,0.135135135
chr20,25210200,A,G,151,134,17,0.269172776,0.373082793,0.488368298,0.430725546,0.111842105
chr20,25210215,A,G,100,83,17,0.486544045,0.477983232,0.422626412,0.450304822,0.168316832
chr20,31664548,T,G,505,299,206,0.165883529,0.430599197,0.313056601,0.371827899,0.407114625
chr20,32829229,T,C,45,40,5,0.14793452,0.427813052,0.125,0.276406526,0.108695652
chr20,34010639,T,C,25,20,5,0.219835261,0.486986862,0.5,0.493493431,0.192307692
chr20,34045696,T,C,14,10,4,0.486181054,0.10049146,0.5,0.30024573,0.266666667
chr20,34373666,T,C,105,82,23,0.195847283,0.423552955,0.369050565,0.39630176,0.216981132
chr20,34476802,T,C,25,18,7,0.430542351,0.320487811,0.2,0.260243906,0.269230769
chr20,34704374,A,G,20,15,5,0.332047717,0.438930645,0.218249059,0.328589852,0.238095238
chr20,35010230,T,C,29,22,7,0.269858489,0.316624186,0.333333333,0.32497876,0.233333333
chr20,35090263,C,T,19,14,5,0.210528327,0.347185039,0.5,0.423592519,0.25
chr20,35779367,T,C,32,23,9,0.636414819,0.20098292,0.333333333,0.267158127,0.272727273